name,package,page,section,source,listing,version,versionCode,released,sha256,size,signers,signedBy,signatureSchemes,minSdk,targetSdk,abis,permissions,runtimePermissions,trackers,trackerCategories,trackersReferencedOnly,trackerExceptions,trackerExceptionSignatures,antiFeatures,capabilities,license,measuredAt
Immich,app.alextran.immich,https://h5.2113.net/apps/immich.html,apps,fdroid,https://f-droid.org/packages/app.alextran.immich/,3.2.2,3020299,2026-09-20,36b0d1368881ad6388b011d9a5bb91f7bd6133371d1eb585390c80232b9f22ea,179565680,fa8b4395f4a64771a053d1c757735fa2301374f53d580dd175aaf7a135729cbf,fdroid,v1;v2;v3,26,36,arm64-v8a;armeabi-v7a;x86_64,android.permission.ACCESS_BACKGROUND_LOCATION;android.permission.ACCESS_COARSE_LOCATION;android.permission.ACCESS_FINE_LOCATION;android.permission.ACCESS_MEDIA_LOCATION;android.permission.ACCESS_NETWORK_STATE;android.permission.ACCESS_WIFI_STATE;android.permission.CHANGE_WIFI_MULTICAST_STATE;android.permission.FOREGROUND_SERVICE;android.permission.FOREGROUND_SERVICE_DATA_SYNC;android.permission.FOREGROUND_SERVICE_LOCATION;android.permission.INTERNET;android.permission.MANAGE_MEDIA;android.permission.POST_NOTIFICATIONS;android.permission.READ_EXTERNAL_STORAGE;android.permission.READ_MEDIA_AUDIO;android.permission.READ_MEDIA_IMAGES;android.permission.READ_MEDIA_VIDEO;android.permission.READ_MEDIA_VISUAL_USER_SELECTED;android.permission.RECEIVE_BOOT_COMPLETED;android.permission.USE_BIOMETRIC;android.permission.USE_FINGERPRINT;android.permission.VIBRATE;android.permission.WAKE_LOCK;android.permission.WRITE_EXTERNAL_STORAGE;app.alextran.immich.DYNAMIC_RECEIVER_NOT_EXPORTED_PERMISSION,android.permission.ACCESS_BACKGROUND_LOCATION;android.permission.ACCESS_COARSE_LOCATION;android.permission.ACCESS_FINE_LOCATION;android.permission.POST_NOTIFICATIONS;android.permission.READ_EXTERNAL_STORAGE;android.permission.READ_MEDIA_AUDIO;android.permission.READ_MEDIA_IMAGES;android.permission.READ_MEDIA_VIDEO;android.permission.READ_MEDIA_VISUAL_USER_SELECTED;android.permission.WRITE_EXTERNAL_STORAGE,,,,,,,,AGPL-3.0-only,2026-09-30T21:09:17.491Z
Intra,app.intra,https://h5.2113.net/apps/intra.html,apps,fdroid,https://f-droid.org/packages/app.intra/,1.5.1,75,2026-09-26,28cf11361c6601f5d5f8be45c7e2bdfa76c633cb7ded03e908338120424e0bed,15842957,777d6de4161dfdfdc4287e5dfed83355714f9a3227e2fd81111831f30596e407,fdroid,v1;v2;v3,21,36,arm64-v8a;armeabi-v7a;x86;x86_64,android.permission.ACCESS_NETWORK_STATE;android.permission.CHANGE_NETWORK_STATE;android.permission.FOREGROUND_SERVICE;android.permission.FOREGROUND_SERVICE_CONNECTED_DEVICE;android.permission.INTERNET;android.permission.QUERY_ALL_PACKAGES;android.permission.RECEIVE_BOOT_COMPLETED;android.permission.VIBRATE;app.intra.DYNAMIC_RECEIVER_NOT_EXPORTED_PERMISSION,,,,,,,,,Apache-2.0,2026-09-30T21:08:33.380Z
Lawnchair,app.lawnchair,https://h5.2113.net/apps/lawnchair.html,apps,izzy,https://apt.izzysoft.de/fdroid/index/apk/app.lawnchair,15.Beta 3,1500020300,2026-05-13,d4200d0985169fd79ba1bd225d653f2a2fe7b50aa07cb0d05ca64c7623f86059,17314003,747c3645b357258b2e23e851e53c96747fe0add007e5ba2cd97e8c85572e4dc5,developer,v2,26,35,arm64-v8a;armeabi-v7a;x86;x86_64,android.permission.ACCESS_HIDDEN_PROFILES;android.permission.ACCESS_HIDDEN_PROFILES_FULL;android.permission.ACCESS_RESTRICTED_SETTINGS;android.permission.ACCESS_SHORTCUTS;android.permission.ALLOW_SLIPPERY_TOUCHES;android.permission.BIND_APPWIDGET;android.permission.BROADCAST_CLOSE_SYSTEM_DIALOGS;android.permission.CALL_PHONE;android.permission.CAPTURE_BLACKOUT_CONTENT;android.permission.CONTROL_REMOTE_APP_TRANSITION_ANIMATIONS;android.permission.EXPAND_STATUS_BAR;android.permission.FORCE_STOP_PACKAGES;android.permission.FOREGROUND_SERVICE;android.permission.FOREGROUND_SERVICE_DATA_SYNC;android.permission.INTERACT_ACROSS_USERS;android.permission.INTERACT_ACROSS_USERS_FULL;android.permission.INTERNAL_SYSTEM_WINDOW;android.permission.INTERNET;android.permission.MANAGE_ACCESSIBILITY;android.permission.MANAGE_ACTIVITY_TASKS;android.permission.MANAGE_EXTERNAL_STORAGE;android.permission.MANAGE_USERS;android.permission.MONITOR_INPUT;android.permission.PACKAGE_USAGE_STATS;android.permission.POST_NOTIFICATIONS;android.permission.QUERY_ALL_PACKAGES;android.permission.READ_CONTACTS;android.permission.READ_DEVICE_CONFIG;android.permission.READ_EXTERNAL_STORAGE;android.permission.READ_FRAME_BUFFER;android.permission.READ_HISTORY_BOOKMARKS;android.permission.READ_MEDIA_AUDIO;android.permission.READ_MEDIA_IMAGES;android.permission.READ_MEDIA_VIDEO;android.permission.READ_MEDIA_VISUAL_USER_SELECTED;android.permission.RECEIVE_BOOT_COMPLETED;android.permission.REMOVE_TASKS;android.permission.REQUEST_DELETE_PACKAGES;android.permission.ROTATE_SURFACE_FLINGER;android.permission.SET_ORIENTATION;android.permission.SET_WALLPAPER;android.permission.SET_WALLPAPER_HINTS;android.permission.START_TASKS_FROM_RECENTS;android.permission.STATUS_BAR;android.permission.STATUS_BAR_SERVICE;android.permission.STOP_APP_SWITCHES;android.permission.SUSPEND_APPS;android.permission.SYSTEM_APPLICATION_OVERLAY;android.permission.VIBRATE;android.permission.WAKEUP_SURFACE_FLINGER;android.permission.WRITE_HISTORY_BOOKMARKS;android.permission.WRITE_SECURE_SETTINGS;app.lawnchair.DYNAMIC_RECEIVER_NOT_EXPORTED_PERMISSION;app.lawnchair.permission.READ_SETTINGS;app.lawnchair.permission.WRITE_SETTINGS;com.google.android.apps.nexuslauncher.permission.QSB;com.kieronquinn.app.smartspacer.permission.ACCESS_SMARTSPACER,android.permission.CALL_PHONE;android.permission.POST_NOTIFICATIONS;android.permission.READ_CONTACTS;android.permission.READ_EXTERNAL_STORAGE;android.permission.READ_MEDIA_AUDIO;android.permission.READ_MEDIA_IMAGES;android.permission.READ_MEDIA_VIDEO;android.permission.READ_MEDIA_VISUAL_USER_SELECTED,,,,,,,,Apache-2.0,2026-09-30T21:04:14.380Z
mpvExtended,app.marlboroadvance.mpvex,https://h5.2113.net/apps/mpvextended.html,apps,izzy,https://apt.izzysoft.de/fdroid/index/apk/app.marlboroadvance.mpvex,1.3.1-fdroid,1312,2026-09-25,ddc117b94f19e8c545fe69121ed2d952006fa47385814f7db2ed413cf4fbcad0,28304727,68690654e3ee46d70895a12445dfa98d8c963d13e2de0f8aaa209765cc2c415e,developer,v1;v2;v3,26,36,arm64-v8a,android.permission.FOREGROUND_SERVICE;android.permission.FOREGROUND_SERVICE_MEDIA_PLAYBACK;android.permission.INTERNET;android.permission.MANAGE_EXTERNAL_STORAGE;android.permission.POST_NOTIFICATIONS;android.permission.READ_EXTERNAL_STORAGE;android.permission.READ_MEDIA_VIDEO;android.permission.WRITE_EXTERNAL_STORAGE;app.marlboroadvance.mpvex.DYNAMIC_RECEIVER_NOT_EXPORTED_PERMISSION,android.permission.POST_NOTIFICATIONS;android.permission.READ_EXTERNAL_STORAGE;android.permission.READ_MEDIA_VIDEO;android.permission.WRITE_EXTERNAL_STORAGE,,,,,,,,Apache-2.0,2026-09-30T21:05:02.508Z
Androoster,com.andreacioccarelli.androoster,https://h5.2113.net/apps/androoster.html,apps,izzy,https://apt.izzysoft.de/fdroid/index/apk/com.andreacioccarelli.androoster,1.6.2,62,2025-03-14,96215804d31dae0e9b3492fe97550637b945e8dd524bee2c4249651edfcf13e2,2994715,c07f28e982c2536f63cf48173e9ea9ca8c2ce8dbc19b0f5091c114aadf40d582,developer,v1;v2,16,35,,android.permission.ACCESS_NETWORK_STATE;android.permission.ACCESS_SUPERUSER;android.permission.ACCESS_WIFI_STATE;android.permission.INTERNET;android.permission.READ_EXTERNAL_STORAGE;android.permission.RECEIVE_BOOT_COMPLETED;android.permission.USE_FINGERPRINT;android.permission.VIBRATE;android.permission.WRITE_EXTERNAL_STORAGE,android.permission.READ_EXTERNAL_STORAGE;android.permission.WRITE_EXTERNAL_STORAGE,,,,,,,,Apache-2.0,2026-09-30T21:04:10.695Z
APKUpdater,com.apkupdater.ci,https://h5.2113.net/apps/apkupdater.html,apps,izzy,https://apt.izzysoft.de/fdroid/index/apk/com.apkupdater.ci,0.0.604,604,2026-05-28,96741d501ae60ac73b94983187bc7db3cfe28a8b3520cffc371177d7cda354f2,4130561,7294a15b12efb0ffe7d6f29f9a032329a681a05a5730309cc6f9bf387764b559,developer,v1;v2;v3,23,36,arm64-v8a;armeabi-v7a;x86;x86_64,android.permission.ACCESS_NETWORK_STATE;android.permission.FOREGROUND_SERVICE;android.permission.INTERNET;android.permission.POST_NOTIFICATIONS;android.permission.QUERY_ALL_PACKAGES;android.permission.RECEIVE_BOOT_COMPLETED;android.permission.REQUEST_INSTALL_PACKAGES;android.permission.UPDATE_PACKAGES_WITHOUT_USER_ACTION;android.permission.WAKE_LOCK;com.apkupdater.ci.DYNAMIC_RECEIVER_NOT_EXPORTED_PERMISSION,android.permission.POST_NOTIFICATIONS,,,,,,NonFreeNet;Tracking,,GPL-3.0-only,2026-09-30T21:04:11.189Z
Aurora Store,com.aurora.store,https://h5.2113.net/apps/aurora-store.html,apps,fdroid,https://f-droid.org/packages/com.aurora.store/,4.8.4,76,2026-07-31,fd9c75d90d0f4a7c132b9b4a5a2cf1992a45e03b8d8ff988b7dcfbc0db2c4d11,9360088,5c83c7672b929955dc0a1db89a5e6ae4389e2eae7ec939956041694e5815f532,fdroid,v1;v2;v3,23,37,arm64-v8a;armeabi-v7a;x86;x86_64,android.permission.ACCESS_NETWORK_STATE;android.permission.ENFORCE_UPDATE_OWNERSHIP;android.permission.FOREGROUND_SERVICE;android.permission.FOREGROUND_SERVICE_DATA_SYNC;android.permission.INTERNET;android.permission.MANAGE_EXTERNAL_STORAGE;android.permission.POST_NOTIFICATIONS;android.permission.QUERY_ALL_PACKAGES;android.permission.READ_EXTERNAL_STORAGE;android.permission.RECEIVE_BOOT_COMPLETED;android.permission.REQUEST_DELETE_PACKAGES;android.permission.REQUEST_IGNORE_BATTERY_OPTIMIZATIONS;android.permission.REQUEST_INSTALL_PACKAGES;android.permission.UPDATE_PACKAGES_WITHOUT_USER_ACTION;android.permission.USE_BIOMETRIC;android.permission.USE_CREDENTIALS;android.permission.USE_FINGERPRINT;android.permission.WAKE_LOCK;android.permission.WRITE_EXTERNAL_STORAGE;com.aurora.store.DYNAMIC_RECEIVER_NOT_EXPORTED_PERMISSION;moe.shizuku.manager.permission.API_V23,android.permission.POST_NOTIFICATIONS;android.permission.READ_EXTERNAL_STORAGE;android.permission.WRITE_EXTERNAL_STORAGE,,,,,,NonFreeNet;Tracking,shizuku,GPL-3.0-or-later,2026-09-30T21:06:07.220Z
OwnDroid,com.bintianqi.owndroid,https://h5.2113.net/apps/owndroid.html,apps,izzy,https://apt.izzysoft.de/fdroid/index/apk/com.bintianqi.owndroid,8.3.1,47,2026-08-26,7fc0808a8ee1401cf1f79010efde1d2511be36037725a9e32699595c6e6b8e98,3381555,e5d5db176a742c566ba6020ac24d93fabda5f6952d7fccae9e3a46e9848e83b5,developer,v1;v2,23,37,arm64-v8a;armeabi-v7a;x86;x86_64,android.permission.ACCESS_COARSE_LOCATION;android.permission.ACCESS_FINE_LOCATION;android.permission.ACCESS_WIFI_STATE;android.permission.CHANGE_WIFI_STATE;android.permission.FOREGROUND_SERVICE;android.permission.FOREGROUND_SERVICE_SPECIAL_USE;android.permission.POST_NOTIFICATIONS;android.permission.QUERY_ALL_PACKAGES;android.permission.REQUEST_DELETE_PACKAGES;android.permission.REQUEST_INSTALL_PACKAGES;android.permission.USE_BIOMETRIC;com.bintianqi.owndroid.DYNAMIC_RECEIVER_NOT_EXPORTED_PERMISSION;com.bintianqi.owndroid.MyPermission;com.rosan.dhizuku.permission.API;moe.shizuku.manager.permission.API_V23,android.permission.ACCESS_COARSE_LOCATION;android.permission.ACCESS_FINE_LOCATION;android.permission.POST_NOTIFICATIONS,,,,,,,shizuku,GPL-3.0-or-later,2026-09-30T21:04:10.255Z
RustDesk,com.carriez.flutter_hbb,https://h5.2113.net/apps/rustdesk.html,apps,fdroid,https://f-droid.org/packages/com.carriez.flutter_hbb/,1.4.9,104090002,2026-07-15,c5f3ba33501ceecf14c7b30ba7a659286c87a464b7a62f2e958e120487bd1ada,26793207,85366b10ecadff33e10c53250444a125203908285363c27fc62a561f9660fa48,fdroid,v1;v2;v3,22,33,arm64-v8a,android.permission.ACCESS_NETWORK_STATE;android.permission.CAMERA;android.permission.FOREGROUND_SERVICE;android.permission.INTERNET;android.permission.MANAGE_EXTERNAL_STORAGE;android.permission.POST_NOTIFICATIONS;android.permission.READ_EXTERNAL_STORAGE;android.permission.RECEIVE_BOOT_COMPLETED;android.permission.RECORD_AUDIO;android.permission.REQUEST_IGNORE_BATTERY_OPTIMIZATIONS;android.permission.SYSTEM_ALERT_WINDOW;android.permission.WAKE_LOCK;android.permission.WRITE_EXTERNAL_STORAGE;com.carriez.flutter_hbb.DYNAMIC_RECEIVER_NOT_EXPORTED_PERMISSION,android.permission.CAMERA;android.permission.POST_NOTIFICATIONS;android.permission.READ_EXTERNAL_STORAGE;android.permission.RECORD_AUDIO;android.permission.WRITE_EXTERNAL_STORAGE,,,,,,Tracking,,GPL-3.0-only,2026-09-30T21:07:28.832Z
Mousedroid,com.darusc.mousedroid,https://h5.2113.net/apps/mousedroid.html,apps,izzy,https://apt.izzysoft.de/fdroid/index/apk/com.darusc.mousedroid,1.5,5,2026-03-13,83952916beb5792c588bb89eddcd06ded1d52920c5ff5c0007f9d44ca6d215a2,10446217,50cdcd3e18a3550eabe52864c2fae9079d4c282456d4a2ffed50caa58c5d4a22,developer,v2,28,34,,android.permission.ACCESS_NETWORK_STATE;android.permission.BLUETOOTH;android.permission.BLUETOOTH_ADMIN;android.permission.BLUETOOTH_ADVERTISE;android.permission.BLUETOOTH_CONNECT;android.permission.FOREGROUND_SERVICE;android.permission.INTERNET;android.permission.WAKE_LOCK,android.permission.BLUETOOTH_ADVERTISE;android.permission.BLUETOOTH_CONNECT,,,,,,,,MIT,2026-09-30T21:04:38.155Z
OuterTune,com.dd3boh.outertune,https://h5.2113.net/apps/outertune.html,apps,izzy,https://apt.izzysoft.de/fdroid/index/apk/com.dd3boh.outertune,0.10.1,71,2025-12-19,115a5df8e5f9aecbb4c7e65b8b8ea5053fb64e5111b3116e01bae803426d138c,10080644,acdd871a3de2947d3253ec90cdc53d1a0740d6038e25a6485d71899eefa96db8,developer,v2,24,36,arm64-v8a;armeabi-v7a;x86;x86_64,android.permission.ACCESS_NETWORK_STATE;android.permission.FOREGROUND_SERVICE;android.permission.FOREGROUND_SERVICE_DATA_SYNC;android.permission.FOREGROUND_SERVICE_MEDIA_PLAYBACK;android.permission.FOREGROUND_SERVICE_SPECIAL_USE;android.permission.INTERNET;android.permission.POST_NOTIFICATIONS;android.permission.READ_EXTERNAL_STORAGE;android.permission.READ_MEDIA_AUDIO;android.permission.RECEIVE_BOOT_COMPLETED;android.permission.WAKE_LOCK;com.dd3boh.outertune.DYNAMIC_RECEIVER_NOT_EXPORTED_PERMISSION,android.permission.POST_NOTIFICATIONS;android.permission.READ_EXTERNAL_STORAGE;android.permission.READ_MEDIA_AUDIO,,,,,,NonFreeNet,,GPL-3.0-only,2026-09-30T21:07:07.595Z
YTDLnis,com.deniscerri.ytdl,https://h5.2113.net/apps/ytdlnis.html,apps,izzy,https://apt.izzysoft.de/fdroid/index/apk/com.deniscerri.ytdl,1.9.0,109000004,2026-09-07,e6d5935056e007ec172c03e5d993fcdce634372d15e0cdc75fb7e294dc469151,49829505,263645cb5272eb290759fe1f59149ae24df6ce171e9f6666eead981d3fc64c95,developer,v2,24,36,arm64-v8a,android.permission.ACCESS_NETWORK_STATE;android.permission.ACTION_OPEN_DOCUMENT;android.permission.FOREGROUND_SERVICE;android.permission.FOREGROUND_SERVICE_DATA_SYNC;android.permission.FOREGROUND_SERVICE_SPECIAL_USE;android.permission.INTERNET;android.permission.MANAGE_EXTERNAL_STORAGE;android.permission.POST_NOTIFICATIONS;android.permission.POST_PROMOTED_NOTIFICATIONS;android.permission.READ_EXTERNAL_STORAGE;android.permission.READ_MEDIA_AUDIO;android.permission.READ_MEDIA_VIDEO;android.permission.READ_MEDIA_VISUAL_USER_SELECTED;android.permission.RECEIVE_BOOT_COMPLETED;android.permission.REORDER_TASKS;android.permission.REQUEST_IGNORE_BATTERY_OPTIMIZATIONS;android.permission.SCHEDULE_EXACT_ALARM;android.permission.VIBRATE;android.permission.WAKE_LOCK;android.permission.WRITE_EXTERNAL_STORAGE;com.deniscerri.ytdl.DYNAMIC_RECEIVER_NOT_EXPORTED_PERMISSION;moe.shizuku.manager.permission.API_V23,android.permission.POST_NOTIFICATIONS;android.permission.READ_EXTERNAL_STORAGE;android.permission.READ_MEDIA_AUDIO;android.permission.READ_MEDIA_VIDEO;android.permission.READ_MEDIA_VISUAL_USER_SELECTED;android.permission.WRITE_EXTERNAL_STORAGE,,,,,,,shizuku,GPL-3.0-only,2026-09-30T21:07:02.115Z
Iconify,com.drdisagree.iconify.foss,https://h5.2113.net/apps/iconify.html,apps,github,https://github.com/Mahmud0808/Iconify/releases/tag/v7.3.0,7.3.0,25,2026-05-23,4ab1419fbfa1d097c5f075c236f711e72d12553df3213dc07f457696b8d9a405,33836259,4af4ffa12ce90815a1775c4604ea16c19f5bed2a6e09ae7c3c92815982af052e,developer,v2,31,35,arm64-v8a;armeabi-v7a;x86;x86_64,android.permission.ACCESS_BACKGROUND_LOCATION;android.permission.ACCESS_COARSE_LOCATION;android.permission.ACCESS_FINE_LOCATION;android.permission.ACCESS_NETWORK_STATE;android.permission.FOREGROUND_SERVICE;android.permission.INTERNET;android.permission.MANAGE_EXTERNAL_STORAGE;android.permission.POST_NOTIFICATIONS;android.permission.READ_EXTERNAL_STORAGE;android.permission.RECEIVE_BOOT_COMPLETED;android.permission.WAKE_LOCK;android.permission.WRITE_EXTERNAL_STORAGE;com.drdisagree.iconify.READ_WEATHER;com.drdisagree.iconify.foss.DYNAMIC_RECEIVER_NOT_EXPORTED_PERMISSION,android.permission.ACCESS_BACKGROUND_LOCATION;android.permission.ACCESS_COARSE_LOCATION;android.permission.ACCESS_FINE_LOCATION;android.permission.POST_NOTIFICATIONS;android.permission.READ_EXTERNAL_STORAGE;android.permission.WRITE_EXTERNAL_STORAGE,,,,,,,xposed;libsu,GPL-3.0,2026-09-30T21:04:15.406Z
PCAPdroid,com.emanuelef.remote_capture,https://h5.2113.net/apps/pcapdroid.html,apps,fdroid,https://f-droid.org/packages/com.emanuelef.remote_capture/,2.0.2,95,2026-09-22,e03f79082278b3754b4954c7537e7c9f7681e5995a44e70aa1589eca10190066,17560048,9fdd93b62bcc95e86ff681a401f81653e37626e83369a3e192e060f2a3ca147d,fdroid,v1;v2;v3,23,37,arm64-v8a;armeabi-v7a;x86;x86_64,android.permission.ACCESS_LOCAL_NETWORK;android.permission.ACCESS_NETWORK_STATE;android.permission.ACCESS_WIFI_STATE;android.permission.FOREGROUND_SERVICE;android.permission.FOREGROUND_SERVICE_SPECIAL_USE;android.permission.INTERACT_ACROSS_USERS;android.permission.INTERNET;android.permission.POST_NOTIFICATIONS;android.permission.QUERY_ALL_PACKAGES;android.permission.READ_EXTERNAL_STORAGE;android.permission.RECEIVE_BOOT_COMPLETED;android.permission.WRITE_CLIPS;android.permission.WRITE_EXTERNAL_STORAGE;com.emanuelef.remote_capture.DYNAMIC_RECEIVER_NOT_EXPORTED_PERMISSION,android.permission.POST_NOTIFICATIONS;android.permission.READ_EXTERNAL_STORAGE;android.permission.WRITE_EXTERNAL_STORAGE,,,,,,,,GPL-3.0-or-later,2026-09-30T21:07:56.941Z
Taskbar,com.farmerbb.taskbar,https://h5.2113.net/apps/taskbar.html,apps,fdroid,https://f-droid.org/packages/com.farmerbb.taskbar/,6.2.2-r2,208,2024-11-25,58dc239cef19f05b527335e7b723dd3dfd1d8bb651a50ecc0f52402796e509d9,2753531,0e2b55c6ad9b989351da9d54e7b1d57762463aaf3159d2f0bc95ab607b95f7f0,fdroid,v1;v2;v3,21,34,,android.permission.ACCESS_NETWORK_STATE;android.permission.ACCESS_WIFI_STATE;android.permission.BLUETOOTH;android.permission.FOREGROUND_SERVICE;android.permission.FOREGROUND_SERVICE_SPECIAL_USE;android.permission.GET_TASKS;android.permission.PACKAGE_USAGE_STATS;android.permission.POST_NOTIFICATIONS;android.permission.QUERY_ALL_PACKAGES;android.permission.RECEIVE_BOOT_COMPLETED;android.permission.REQUEST_DELETE_PACKAGES;android.permission.SET_WALLPAPER_HINTS;android.permission.SYSTEM_ALERT_WINDOW;android.permission.WRITE_SECURE_SETTINGS;android.permission.WRITE_SETTINGS;com.android.launcher.permission.INSTALL_SHORTCUT;com.farmerbb.taskbar.DYNAMIC_RECEIVER_NOT_EXPORTED_PERMISSION;com.farmerbb.taskbar.SEND_RECEIVE_SETTINGS;com.farmerbb.taskbar.START_STOP_TASKBAR;com.farmerbb.taskbar.support.USE_SUPPORT_LIBRARY;moe.shizuku.manager.permission.API_V23,android.permission.POST_NOTIFICATIONS,,,,,,,shizuku,Apache-2.0,2026-09-30T21:08:44.780Z
Meshtastic,com.geeksville.mesh,https://h5.2113.net/apps/meshtastic.html,apps,izzy,https://apt.izzysoft.de/fdroid/index/apk/com.geeksville.mesh,2.8.2 (29322440) fdroid,29322440,2026-09-26,a3adae160da5987e7adfacdaefe6bd3ff6e5e55b716b906487401e1e7379f16b,33199756,a93b456568c175db0800a09f06777f892d812432adb8a3df73bc3e7f06c80c6d,developer,v2,26,37,arm64-v8a,android.permission.ACCESS_COARSE_LOCATION;android.permission.ACCESS_FINE_LOCATION;android.permission.ACCESS_LOCAL_NETWORK;android.permission.ACCESS_NETWORK_STATE;android.permission.BLUETOOTH;android.permission.BLUETOOTH_ADMIN;android.permission.BLUETOOTH_CONNECT;android.permission.BLUETOOTH_SCAN;android.permission.CAMERA;android.permission.CHANGE_WIFI_MULTICAST_STATE;android.permission.FOREGROUND_SERVICE;android.permission.FOREGROUND_SERVICE_CONNECTED_DEVICE;android.permission.FOREGROUND_SERVICE_LOCATION;android.permission.INTERNET;android.permission.MANAGE_EXTERNAL_STORAGE;android.permission.NFC;android.permission.POST_NOTIFICATIONS;android.permission.RECEIVE_BOOT_COMPLETED;android.permission.WAKE_LOCK;com.geeksville.mesh.DYNAMIC_RECEIVER_NOT_EXPORTED_PERMISSION,android.permission.ACCESS_COARSE_LOCATION;android.permission.ACCESS_FINE_LOCATION;android.permission.BLUETOOTH_CONNECT;android.permission.BLUETOOTH_SCAN;android.permission.CAMERA;android.permission.POST_NOTIFICATIONS,,,,,,,,GPL-3.0-only,2026-09-30T21:08:57.634Z
NoStorageRestrict,com.github.dan.NoStorageRestrict,https://h5.2113.net/apps/nostoragerestrict.html,apps,izzy,https://apt.izzysoft.de/fdroid/index/apk/com.github.dan.NoStorageRestrict,0.7.0,7,2026-08-01,d922e253f4ee10c8534f5356ee94b343e1cba0c1c967d79371830f985ad79165,25118,551353d4e096d5d117fc322dbfed42c5ae7c8f26ac1009a13edc0f39f80b4c8c,developer,v1;v2,15,35,,,,,,,,,,xposed,GPL-3.0-only,2026-09-30T21:04:02.859Z
LibreTube,com.github.libretube,https://h5.2113.net/apps/libretube.html,apps,fdroid,https://f-droid.org/packages/com.github.libretube/,32.1,72,2026-08-23,792b1e37e7bd6a26d8da1c826a68677465c333633cb2198224cc96c84257d615,9253519,a86631e8cc555838e8dfc29019fb0f7dac333ef1cda1139c424d1a08d68a030b,fdroid,v1;v2;v3,26,36,,android.permission.ACCESS_NETWORK_STATE;android.permission.FOREGROUND_SERVICE;android.permission.FOREGROUND_SERVICE_DATA_SYNC;android.permission.FOREGROUND_SERVICE_MEDIA_PLAYBACK;android.permission.INTERNET;android.permission.POST_NOTIFICATIONS;android.permission.RECEIVE_BOOT_COMPLETED;android.permission.WAKE_LOCK;com.github.libretube.DYNAMIC_RECEIVER_NOT_EXPORTED_PERMISSION,android.permission.POST_NOTIFICATIONS,,,,,,NonFreeNet,,GPL-3.0-or-later,2026-09-30T21:05:42.486Z
Shadowsocks,com.github.shadowsocks,https://h5.2113.net/apps/shadowsocks.html,apps,fdroid,https://f-droid.org/packages/com.github.shadowsocks/,5.3.5-nightly,5030550,2026-02-13,037fef062735bd0298221b7b29a7ef7ccd24dc3449fc0fbc2bfccdd8ae13b4ea,14792235,3ced42093b12aa0d08f745e5a0f01d13cb9ec4ef6cba0b8a0a056dbaecd45b98,fdroid,v1;v2;v3,23,36,arm64-v8a;armeabi-v7a;x86;x86_64,android.permission.ACCESS_NETWORK_STATE;android.permission.CHANGE_NETWORK_STATE;android.permission.FOREGROUND_SERVICE;android.permission.FOREGROUND_SERVICE_SPECIAL_USE;android.permission.FOREGROUND_SERVICE_SYSTEM_EXEMPTED;android.permission.INTERNET;android.permission.POST_NOTIFICATIONS;android.permission.QUERY_ALL_PACKAGES;android.permission.READ_EXTERNAL_STORAGE;android.permission.RECEIVE_BOOT_COMPLETED;android.permission.WAKE_LOCK;android.permission.WRITE_EXTERNAL_STORAGE;com.github.shadowsocks.DYNAMIC_RECEIVER_NOT_EXPORTED_PERMISSION,android.permission.POST_NOTIFICATIONS;android.permission.READ_EXTERNAL_STORAGE;android.permission.WRITE_EXTERNAL_STORAGE,,,,,,,,GPL-3.0-or-later,2026-09-30T21:08:02.629Z
Gyawun Music,com.jhelum.gyawun,https://h5.2113.net/apps/gyawun-music.html,apps,github,https://github.com/sheikhhaziq/gyawun_music/releases/tag/v2.0.18,2.0.18,2220,2026-03-22,1f5f6df6254423d7bf5edff73fa2330852735adf45f7b06c9176abb8e440e7c8,14264689,d1ce3aba3f77ebc4582f8350dae1815aecce1bf05d678527cce8d0e6cd244ad0,developer,v2,24,36,arm64-v8a,android.permission.ACCESS_NETWORK_STATE;android.permission.FOREGROUND_SERVICE;android.permission.FOREGROUND_SERVICE_MEDIA_PLAYBACK;android.permission.INTERNET;android.permission.MANAGE_EXTERNAL_STORAGE;android.permission.READ_EXTERNAL_STORAGE;android.permission.REQUEST_IGNORE_BATTERY_OPTIMIZATIONS;android.permission.WAKE_LOCK;android.permission.WRITE_EXTERNAL_STORAGE;com.jhelum.gyawun.DYNAMIC_RECEIVER_NOT_EXPORTED_PERMISSION,android.permission.READ_EXTERNAL_STORAGE;android.permission.WRITE_EXTERNAL_STORAGE,,,,,,,,GPL-3.0,2026-09-30T21:06:59.233Z
Seal,com.junkfood.seal,https://h5.2113.net/apps/seal.html,apps,fdroid,https://f-droid.org/packages/com.junkfood.seal/,1.13.1-(F-Droid),11312,2026-01-06,7070a3d4f079046912b4b8dde4edc8d1ef6eade3c9c98b02bfcaba3669c11d98,43057559,7de6aeb93f196e677b087bc8d040fe598b613a9654990d6fcaa40d71eb13cd49,fdroid,v1;v2;v3,21,34,arm64-v8a,android.permission.ACCESS_NETWORK_STATE;android.permission.FOREGROUND_SERVICE;android.permission.FOREGROUND_SERVICE_SPECIAL_USE;android.permission.INTERNET;android.permission.MANAGE_EXTERNAL_STORAGE;android.permission.POST_NOTIFICATIONS;android.permission.REQUEST_IGNORE_BATTERY_OPTIMIZATIONS;android.permission.REQUEST_INSTALL_PACKAGES;android.permission.WRITE_EXTERNAL_STORAGE;com.junkfood.seal.DYNAMIC_RECEIVER_NOT_EXPORTED_PERMISSION,android.permission.POST_NOTIFICATIONS;android.permission.WRITE_EXTERNAL_STORAGE,,,,,,NonFreeNet,,GPL-3.0-only,2026-09-30T21:06:42.480Z
AIS-catcher,com.jvdegithub.aiscatcher,https://h5.2113.net/apps/ais-catcher.html,apps,izzy,https://apt.izzysoft.de/fdroid/index/apk/com.jvdegithub.aiscatcher,1.21,121,2026-08-20,a84c8023e55f6d8a77ed125bdc2ab1a2a18a1a3aba4469902f8fb96b5afcedfe,32496633,51e66fe88c480297b545d44c0b91edb33390bf875c92ba2f526c74cc4757fed2,developer,v1;v2;v3,23,34,arm64-v8a;armeabi-v7a;x86;x86_64,android.permission.ACCESS_COARSE_LOCATION;android.permission.ACCESS_FINE_LOCATION;android.permission.ACCESS_NETWORK_STATE;android.permission.FOREGROUND_SERVICE;android.permission.FOREGROUND_SERVICE_SPECIAL_USE;android.permission.INTERNET;android.permission.POST_NOTIFICATIONS;android.permission.WAKE_LOCK;com.jvdegithub.aiscatcher.DYNAMIC_RECEIVER_NOT_EXPORTED_PERMISSION,android.permission.ACCESS_COARSE_LOCATION;android.permission.ACCESS_FINE_LOCATION;android.permission.POST_NOTIFICATIONS,,,,,,,,GPL-3.0-only,2026-09-30T21:04:32.830Z
Droid-ify,com.looker.droidify,https://h5.2113.net/apps/droid-ify.html,apps,izzy,https://apt.izzysoft.de/fdroid/index/apk/com.looker.droidify,0.7.8,780,2026-09-13,3e7934ff9b811c2f77794793381241095a02bac2d163bf922cb5a5a0ed25ca82,5997579,ed8859c55af311162658b94af982b9f091dcd27628d4de3486d1217ebf3c9935,developer,v1;v2;v3,23,37,arm64-v8a;armeabi-v7a;x86;x86_64,android.permission.ACCESS_NETWORK_STATE;android.permission.CAMERA;android.permission.ENFORCE_UPDATE_OWNERSHIP;android.permission.FOREGROUND_SERVICE;android.permission.FOREGROUND_SERVICE_DATA_SYNC;android.permission.INTERNET;android.permission.POST_NOTIFICATIONS;android.permission.QUERY_ALL_PACKAGES;android.permission.RECEIVE_BOOT_COMPLETED;android.permission.REQUEST_DELETE_PACKAGES;android.permission.REQUEST_IGNORE_BATTERY_OPTIMIZATIONS;android.permission.REQUEST_INSTALL_PACKAGES;android.permission.RUN_USER_INITIATED_JOBS;android.permission.UPDATE_PACKAGES_WITHOUT_USER_ACTION;android.permission.WAKE_LOCK;com.looker.droidify.DYNAMIC_RECEIVER_NOT_EXPORTED_PERMISSION;moe.shizuku.manager.permission.API_V23,android.permission.CAMERA;android.permission.POST_NOTIFICATIONS,,,,,,,shizuku;libsu,GPL-3.0-or-later,2026-09-30T21:08:37.128Z
SimpMusic,com.maxrave.simpmusic,https://h5.2113.net/apps/simpmusic.html,apps,izzy,https://apt.izzysoft.de/fdroid/index/apk/com.maxrave.simpmusic,2.2.0,59,2026-09-26,1b93a9cdc1bdee379f4089c0306fabcb45cc627b4146f53feff46be460926a72,27497350,76c53bd813ae8f1ce2778f7814b515785719bf9a82c6bee03b8b2dfd706055a1,developer,v1;v2;v3,26,36,arm64-v8a,android.permission.ACCESS_LOCAL_NETWORK;android.permission.ACCESS_NETWORK_STATE;android.permission.CAMERA;android.permission.FOREGROUND_SERVICE;android.permission.FOREGROUND_SERVICE_DATA_SYNC;android.permission.FOREGROUND_SERVICE_MEDIA_PLAYBACK;android.permission.INTERNET;android.permission.POST_NOTIFICATIONS;android.permission.READ_MEDIA_AUDIO;android.permission.RECEIVE_BOOT_COMPLETED;android.permission.WAKE_LOCK;android.permission.WRITE_EXTERNAL_STORAGE;androidx.car.app.MEDIA_TEMPLATES;com.maxrave.simpmusic.DYNAMIC_RECEIVER_NOT_EXPORTED_PERMISSION,android.permission.CAMERA;android.permission.POST_NOTIFICATIONS;android.permission.READ_MEDIA_AUDIO;android.permission.WRITE_EXTERNAL_STORAGE,,,,,,NonFreeNet,,GPL-3.0-only,2026-09-30T21:07:05.048Z
AnySoftKeyboard,com.menny.android.anysoftkeyboard,https://h5.2113.net/apps/anysoftkeyboard.html,apps,fdroid,https://f-droid.org/packages/com.menny.android.anysoftkeyboard/,1.13.8175,8175,2026-03-11,daa95017e673f8f533fbcfa6839673ad76d66f1ad17f288d2220f751fcc258a6,24880061,716be98a10a886045cc3c39a7abaf501b9434b9602b25d02a89c326b7c7b9d0a,fdroid,v1;v2;v3,23,35,arm64-v8a;armeabi-v7a;x86;x86_64,android.permission.POST_NOTIFICATIONS;android.permission.READ_CONTACTS;android.permission.READ_USER_DICTIONARY;android.permission.VIBRATE;android.permission.WRITE_USER_DICTIONARY;com.menny.android.anysoftkeyboard.DYNAMIC_RECEIVER_NOT_EXPORTED_PERMISSION,android.permission.POST_NOTIFICATIONS;android.permission.READ_CONTACTS,,,,,,,,Apache-2.0,2026-09-30T21:09:05.464Z
Metrolist,com.metrolist.music,https://h5.2113.net/apps/metrolist.html,apps,izzy,https://apt.izzysoft.de/fdroid/index/apk/com.metrolist.music,13.7.0,153,2026-09-08,6d2a5b6a2c7df2b09c6c31969a3978a61898879556f226bb3095596f07c874d7,26868210,e32c4f2efd7ee9548faee22e45a60425f7728a55a610fd5e8ab9364f74b7bcc9,developer,v1;v2;v3,26,36,arm64-v8a;armeabi-v7a;x86;x86_64,android.permission.ACCESS_NETWORK_STATE;android.permission.FOREGROUND_SERVICE;android.permission.FOREGROUND_SERVICE_DATA_SYNC;android.permission.FOREGROUND_SERVICE_MEDIA_PLAYBACK;android.permission.FOREGROUND_SERVICE_MICROPHONE;android.permission.INTERNET;android.permission.POST_NOTIFICATIONS;android.permission.RECEIVE_BOOT_COMPLETED;android.permission.RECORD_AUDIO;android.permission.SCHEDULE_EXACT_ALARM;android.permission.WAKE_LOCK;com.metrolist.music.DYNAMIC_RECEIVER_NOT_EXPORTED_PERMISSION,android.permission.POST_NOTIFICATIONS;android.permission.RECORD_AUDIO,,,,,,NonFreeNet,,GPL-3.0-only,2026-09-30T21:05:05.611Z
Zalith Launcher 2,com.movtery.zalithlauncher.v2,https://h5.2113.net/games/zalith-launcher-2.html,games,github,https://github.com/ZalithLauncher/ZalithLauncher2/releases/tag/2.6.1,2.6.1,200043,2026-09-28,9877594734887ec60f8d87cf8bfc125a637098c23d07341957ce6748007f3422,354552390,851381b5eb6f169a2da6e323ff674accc835c6fc47b15bbfd7920578e97b0689,developer,v2,26,34,arm64-v8a;armeabi-v7a;x86;x86_64,android.permission.ACCESS_NETWORK_STATE;android.permission.ACCESS_WIFI_STATE;android.permission.CHANGE_NETWORK_STATE;android.permission.CHANGE_WIFI_MULTICAST_STATE;android.permission.CHANGE_WIFI_STATE;android.permission.FOREGROUND_SERVICE;android.permission.FOREGROUND_SERVICE_CONNECTED_DEVICE;android.permission.FOREGROUND_SERVICE_DATA_SYNC;android.permission.FOREGROUND_SERVICE_SPECIAL_USE;android.permission.HIGH_SAMPLING_RATE_SENSORS;android.permission.INTERNET;android.permission.MANAGE_EXTERNAL_STORAGE;android.permission.POST_NOTIFICATIONS;android.permission.READ_EXTERNAL_STORAGE;android.permission.RECORD_AUDIO;android.permission.REQUEST_IGNORE_BATTERY_OPTIMIZATIONS;android.permission.VIBRATE;android.permission.WAKE_LOCK;android.permission.WRITE_EXTERNAL_STORAGE;com.movtery.zalithlauncher.v2.DYNAMIC_RECEIVER_NOT_EXPORTED_PERMISSION,android.permission.POST_NOTIFICATIONS;android.permission.READ_EXTERNAL_STORAGE;android.permission.RECORD_AUDIO;android.permission.WRITE_EXTERNAL_STORAGE,,,,ByteHook (bhook),Pangle,,,GPL-3.0,2026-09-30T21:04:49.677Z
Kizzy,com.my.kizzy,https://h5.2113.net/apps/kizzy.html,apps,izzy,https://apt.izzysoft.de/fdroid/index/apk/com.my.kizzy,6.2,14,2026-07-30,141a48afacbc0c1a3c4eb6a0c0ab271516037fcd3a07f0114e16bdb4be69e486,7234103,006cf57063d2fc28a0f351e0ee313142dfc965041470f665e2a204792426e66d,developer,v2,26,36,arm64-v8a;armeabi-v7a;x86;x86_64,android.permission.ACCESS_NETWORK_STATE;android.permission.FOREGROUND_SERVICE;android.permission.FOREGROUND_SERVICE_MEDIA_PLAYBACK;android.permission.INTERNET;android.permission.MEDIA_CONTENT_CONTROL;android.permission.PACKAGE_USAGE_STATS;android.permission.POST_NOTIFICATIONS;android.permission.QUERY_ALL_PACKAGES;android.permission.READ_EXTERNAL_STORAGE;android.permission.REQUEST_IGNORE_BATTERY_OPTIMIZATIONS;android.permission.SYSTEM_ALERT_WINDOW;android.permission.WAKE_LOCK;android.permission.WRITE_EXTERNAL_STORAGE;com.my.kizzy.DYNAMIC_RECEIVER_NOT_EXPORTED_PERMISSION,android.permission.POST_NOTIFICATIONS;android.permission.READ_EXTERNAL_STORAGE;android.permission.WRITE_EXTERNAL_STORAGE,,,,,,NonFreeNet,,GPL-3.0-only,2026-09-30T21:04:23.415Z
Florid,com.nahnah.florid,https://h5.2113.net/apps/florid.html,apps,github,https://github.com/Nandanrmenon/florid/releases/tag/v1.4.0%2B17,1.4.0,2017,2026-09-07,1f7c2ae7c9735419669d375b568072c8be81cc14233ab17fee2710824802e571,28516626,8486d1cb98e0ebeba90b5715c5e9196c6867f0db1044d760416c139e5c10ce12,developer,v2,24,36,arm64-v8a,android.permission.ACCESS_NETWORK_STATE;android.permission.CAMERA;android.permission.FOREGROUND_SERVICE;android.permission.INSTALL_PACKAGES;android.permission.INTERNET;android.permission.POST_NOTIFICATIONS;android.permission.QUERY_ALL_PACKAGES;android.permission.READ_EXTERNAL_STORAGE;android.permission.RECEIVE_BOOT_COMPLETED;android.permission.REQUEST_DELETE_PACKAGES;android.permission.REQUEST_IGNORE_BATTERY_OPTIMIZATIONS;android.permission.REQUEST_INSTALL_PACKAGES;android.permission.USE_BIOMETRIC;android.permission.USE_FINGERPRINT;android.permission.VIBRATE;android.permission.WAKE_LOCK;android.permission.WRITE_EXTERNAL_STORAGE;com.nahnah.florid.DYNAMIC_RECEIVER_NOT_EXPORTED_PERMISSION;moe.shizuku.manager.permission.API_V23,android.permission.CAMERA;android.permission.POST_NOTIFICATIONS;android.permission.READ_EXTERNAL_STORAGE;android.permission.WRITE_EXTERNAL_STORAGE,,,,,,,shizuku,GPL-3.0,2026-09-30T21:04:12.193Z
Nextcloud,com.nextcloud.client,https://h5.2113.net/apps/nextcloud.html,apps,fdroid,https://f-droid.org/packages/com.nextcloud.client/,35.0.0,350000090,2026-09-17,2d08059c9a0a94ef4316e5c8491e3c6aee99a87b58bb796163c44e08deb1615c,96757432,5709576f9d6c6a7687dd5d56b269d1fa5e379702b91bc83f39fd7b7c597c1b83,fdroid,v1;v2;v3,28,36,arm64-v8a;x86_64,android.permission.ACCESS_MEDIA_LOCATION;android.permission.ACCESS_NETWORK_STATE;android.permission.AUTHENTICATE_ACCOUNTS;android.permission.CAMERA;android.permission.FOREGROUND_SERVICE;android.permission.FOREGROUND_SERVICE_DATA_SYNC;android.permission.FOREGROUND_SERVICE_MEDIA_PLAYBACK;android.permission.GET_ACCOUNTS;android.permission.INTERNET;android.permission.MANAGE_ACCOUNTS;android.permission.MANAGE_EXTERNAL_STORAGE;android.permission.POST_NOTIFICATIONS;android.permission.READ_CALENDAR;android.permission.READ_CONTACTS;android.permission.READ_EXTERNAL_STORAGE;android.permission.READ_MEDIA_IMAGES;android.permission.READ_MEDIA_VIDEO;android.permission.READ_MEDIA_VISUAL_USER_SELECTED;android.permission.READ_SYNC_SETTINGS;android.permission.READ_SYNC_STATS;android.permission.RECEIVE_BOOT_COMPLETED;android.permission.REQUEST_IGNORE_BATTERY_OPTIMIZATIONS;android.permission.REQUEST_INSTALL_PACKAGES;android.permission.USE_BIOMETRIC;android.permission.USE_CREDENTIALS;android.permission.VIBRATE;android.permission.WAKE_LOCK;android.permission.WRITE_CALENDAR;android.permission.WRITE_CONTACTS;android.permission.WRITE_EXTERNAL_STORAGE;android.permission.WRITE_SYNC_SETTINGS;com.android.launcher.permission.INSTALL_SHORTCUT;com.nextcloud.client.DYNAMIC_RECEIVER_NOT_EXPORTED_PERMISSION,android.permission.CAMERA;android.permission.GET_ACCOUNTS;android.permission.POST_NOTIFICATIONS;android.permission.READ_CALENDAR;android.permission.READ_CONTACTS;android.permission.READ_EXTERNAL_STORAGE;android.permission.READ_MEDIA_IMAGES;android.permission.READ_MEDIA_VIDEO;android.permission.READ_MEDIA_VISUAL_USER_SELECTED;android.permission.WRITE_CALENDAR;android.permission.WRITE_CONTACTS;android.permission.WRITE_EXTERNAL_STORAGE,,,,,,,,GPL-2.0-only,2026-09-30T21:09:00.976Z
PhotonCamera,com.particlesdevs.photoncamera,https://h5.2113.net/apps/photoncamera.html,apps,izzy,https://apt.izzysoft.de/fdroid/index/apk/com.particlesdevs.photoncamera,0.88,17884,2024-12-06,0363bc184e45f82694469c6599c2ec7769f17431501d502662573b1fd51d2ac8,11920759,255cb09eaddd26a9cc680786e4985372cf24d0e54bb120fc44d48f3273ff3956,developer,v2,26,33,arm64-v8a,android.permission.CAMERA;android.permission.HIGH_SAMPLING_RATE_SENSORS;android.permission.INTERNET;android.permission.MANAGE_EXTERNAL_STORAGE;android.permission.POST_NOTIFICATIONS;android.permission.READ_EXTERNAL_STORAGE;android.permission.READ_PHONE_STATE;android.permission.RECORD_AUDIO;android.permission.REORDER_TASKS;android.permission.VIBRATE;android.permission.WAKE_LOCK;android.permission.WRITE_EXTERNAL_STORAGE;com.particlesdevs.photoncamera.DYNAMIC_RECEIVER_NOT_EXPORTED_PERMISSION,android.permission.CAMERA;android.permission.POST_NOTIFICATIONS;android.permission.READ_EXTERNAL_STORAGE;android.permission.READ_PHONE_STATE;android.permission.RECORD_AUDIO;android.permission.WRITE_EXTERNAL_STORAGE,,,,,,ApplicationDebuggable,,GPL-3.0-or-later,2026-09-30T21:04:37.560Z
PCAPdroid mitm,com.pcapdroid.mitm,https://h5.2113.net/apps/pcapdroid-mitm.html,apps,izzy,https://apt.izzysoft.de/fdroid/index/apk/com.pcapdroid.mitm,2.4,26,2026-08-24,8268c55ddf1a63bd6c718bb57c34623228fccecafa0b77a6a974896339c93fe5,28020180,ac701125e653189b2bbaa78fba60c1136b88b8780078db0dc4257f019c81c9fe,developer,v2,24,34,arm64-v8a,android.permission.FOREGROUND_SERVICE_SPECIAL_USE;android.permission.INTERNET;android.permission.MANAGE_EXTERNAL_STORAGE;android.permission.READ_EXTERNAL_STORAGE;android.permission.REQUEST_IGNORE_BATTERY_OPTIMIZATIONS;android.permission.WRITE_EXTERNAL_STORAGE,android.permission.READ_EXTERNAL_STORAGE;android.permission.WRITE_EXTERNAL_STORAGE,,,,,,,,GPL-3.0-only,2026-09-30T21:04:20.688Z
Prism File Explorer,com.raival.compose.file.explorer,https://h5.2113.net/apps/prism-file-explorer.html,apps,izzy,https://apt.izzysoft.de/fdroid/index/apk/com.raival.compose.file.explorer,1.3.2,10,2025-09-12,49ffa960bb52876d03b29c21576becff391a59e847c7d56e07117d4ee946dc0f,10722682,830166b8bea60c42c6785459043adc1fb3b30537a56a7c90a595cb9e08126c26,developer,v1;v2;v3,26,36,arm64-v8a;armeabi-v7a;x86;x86_64,android.permission.ACCESS_NETWORK_STATE;android.permission.FOREGROUND_SERVICE;android.permission.FOREGROUND_SERVICE_DATA_SYNC;android.permission.INTERNET;android.permission.MANAGE_EXTERNAL_STORAGE;android.permission.POST_NOTIFICATIONS;android.permission.QUERY_ALL_PACKAGES;android.permission.READ_EXTERNAL_STORAGE;android.permission.REQUEST_INSTALL_PACKAGES;android.permission.WRITE_EXTERNAL_STORAGE;com.android.launcher.permission.INSTALL_SHORTCUT;com.raival.compose.file.explorer.DYNAMIC_RECEIVER_NOT_EXPORTED_PERMISSION,android.permission.POST_NOTIFICATIONS;android.permission.READ_EXTERNAL_STORAGE;android.permission.WRITE_EXTERNAL_STORAGE,,,,,,,,GPL-3.0-only,2026-09-30T21:04:25.536Z
Payload Dumper,com.rajmani7584.payloaddumper,https://h5.2113.net/apps/payload-dumper.html,apps,izzy,https://apt.izzysoft.de/fdroid/index/apk/com.rajmani7584.payloaddumper,5.2,20260713,2026-07-19,0d8d4cd19a0bc6ef7b883c51f6904c34c79b775d023ccef69a6c4bb2a67512b6,5962251,24cb175eab56f2af3c73b80a89ef0f02d619730673fa9eaa873d2c93ef8e92b3,developer,v1;v2;v3,28,37,arm64-v8a;armeabi-v7a;x86;x86_64,android.permission.FOREGROUND_SERVICE;android.permission.FOREGROUND_SERVICE_DATA_SYNC;android.permission.INTERNET;android.permission.MANAGE_EXTERNAL_STORAGE;android.permission.POST_NOTIFICATIONS;com.rajmani7584.payloaddumper.DYNAMIC_RECEIVER_NOT_EXPORTED_PERMISSION,android.permission.POST_NOTIFICATIONS,,,,,,,,GPL-3.0-only,2026-09-30T21:04:01.607Z
RetroArch,com.retroarch,https://h5.2113.net/games/retroarch.html,games,fdroid,https://f-droid.org/packages/com.retroarch/,1.22.2,1597175267,2025-11-22,7120fd7a7f15b7a260366a8122c77070a80bc14bf28d34bc609439b2b52fdb64,30940927,f2b1eabcde44d62b9692c52801077c931dcb86293c2b3967bdc644a1c8d837eb,fdroid,v1;v2;v3,16,28,arm64-v8a;armeabi-v7a;x86;x86_64,android.permission.INTERNET;android.permission.READ_EXTERNAL_STORAGE;android.permission.VIBRATE;android.permission.WRITE_EXTERNAL_STORAGE,android.permission.READ_EXTERNAL_STORAGE;android.permission.WRITE_EXTERNAL_STORAGE,,,,,,NonFreeNet,,GPL-3.0-only,2026-09-30T21:08:11.907Z
Global Icon Pack,com.richardluo.globalIconPack,https://h5.2113.net/apps/global-icon-pack.html,apps,izzy,https://apt.izzysoft.de/fdroid/index/apk/com.richardluo.globalIconPack,0.6.1,601,2026-09-21,53a9a2dfaa801ff045ba8bd8ee1d6714f59ce4228ee48e7234052fa99ff66f4c,2160302,4b285259d29e7fe0e5ac7ca0e0987445992d8feaa48e3054e579d97005d616b3,developer,v2,27,37,arm64-v8a;armeabi-v7a;x86;x86_64,android.permission.FOREGROUND_SERVICE;android.permission.FOREGROUND_SERVICE_SPECIAL_USE;android.permission.POST_NOTIFICATIONS;android.permission.QUERY_ALL_PACKAGES;android.permission.RECEIVE_BOOT_COMPLETED;com.richardluo.globalIconPack.DYNAMIC_RECEIVER_NOT_EXPORTED_PERMISSION,android.permission.POST_NOTIFICATIONS,,,,,,,xposed,GPL-3.0-only,2026-09-30T21:04:03.828Z
FireWall Blocks,com.shayan.firewall,https://h5.2113.net/apps/firewall-blocks.html,apps,izzy,https://apt.izzysoft.de/fdroid/index/apk/com.shayan.firewall,1.5.shynoid,8,2026-05-28,39b1fea1663241083d2bf2d8358dbe31388c4e2a7379d7abb685655eb586ab85,12681333,e2511eca05e29878980e8fd8adc6bfe346019fced7a5109b4f521babbaa25ce3,developer,v2,30,34,,android.permission.ACCESS_NETWORK_STATE;android.permission.BIND_VPN_SERVICE;android.permission.FOREGROUND_SERVICE;android.permission.FOREGROUND_SERVICE_DATA_SYNC;android.permission.INTERNET;android.permission.POST_NOTIFICATIONS;android.permission.QUERY_ALL_PACKAGES;android.permission.RECEIVE_BOOT_COMPLETED;com.shayan.firewall.DYNAMIC_RECEIVER_NOT_EXPORTED_PERMISSION;moe.shizuku.manager.permission.API_V23,android.permission.POST_NOTIFICATIONS,,,,,,,shizuku,MIT,2026-09-30T21:04:38.860Z
Lemuroid,com.swordfish.lemuroid,https://h5.2113.net/games/lemuroid.html,games,fdroid,https://f-droid.org/packages/com.swordfish.lemuroid/,1.17.0,252,2026-04-29,f83912a5c276f3616833fcf1b44a8e40c61d5a20f76db3f4297d6c1f63805c42,11970354,36e9853f4884e55c35803dbf671e1493e8b0b4d33e635ed84dbaa83bcad8303c,fdroid,v1;v2;v3,23,35,arm64-v8a;armeabi-v7a;x86;x86_64,android.permission.ACCESS_NETWORK_STATE;android.permission.FOREGROUND_SERVICE;android.permission.FOREGROUND_SERVICE_DATA_SYNC;android.permission.INTERNET;android.permission.POST_NOTIFICATIONS;android.permission.READ_EXTERNAL_STORAGE;android.permission.RECEIVE_BOOT_COMPLETED;android.permission.RECORD_AUDIO;android.permission.VIBRATE;android.permission.WAKE_LOCK;com.android.providers.tv.permission.READ_EPG_DATA;com.android.providers.tv.permission.WRITE_EPG_DATA;com.swordfish.lemuroid.DYNAMIC_RECEIVER_NOT_EXPORTED_PERMISSION,android.permission.POST_NOTIFICATIONS;android.permission.READ_EXTERNAL_STORAGE;android.permission.RECORD_AUDIO,,,,,,NonFreeAdd;NonFreeNet,,GPL-3.0-or-later,2026-09-30T21:09:24.004Z
Tailscale,com.tailscale.ipn,https://h5.2113.net/apps/tailscale.html,apps,fdroid,https://f-droid.org/packages/com.tailscale.ipn/,1.102.4-t3caf7d9e7-g8fbef364a,298177930,2026-09-14,de525c72705631d19a6608fb75ea803e7dee9df40334403449f5509006404bfc,105453561,3705f184cb67d683e76ecc203cc9cc357e6448c50e59002419085b4c286df0e8,fdroid,v1;v2;v3,26,36,arm64-v8a;armeabi-v7a;x86;x86_64,android.permission.ACCESS_NETWORK_STATE;android.permission.ACCESS_WIFI_STATE;android.permission.CHANGE_NETWORK_STATE;android.permission.FOREGROUND_SERVICE;android.permission.FOREGROUND_SERVICE_SYSTEM_EXEMPTED;android.permission.INTERNET;android.permission.POST_NOTIFICATIONS;android.permission.QUERY_ALL_PACKAGES;android.permission.RECEIVE_BOOT_COMPLETED;android.permission.WAKE_LOCK;android.permission.WRITE_EXTERNAL_STORAGE;com.tailscale.ipn.DYNAMIC_RECEIVER_NOT_EXPORTED_PERMISSION,android.permission.POST_NOTIFICATIONS;android.permission.WRITE_EXTERNAL_STORAGE,,,,,,Tracking,,BSD-3-Clause,2026-09-30T21:08:08.543Z
Termux,com.termux,https://h5.2113.net/apps/termux.html,apps,fdroid,https://f-droid.org/packages/com.termux/,0.118.3,1002,2025-05-29,e6265a57eb5ca363808488e3b01955958bed93bc0c8a0d281849b363b11027ec,113880067,228fb2cfe90831c1499ec3ccaf61e96e8e1ce70766b9474672ce427334d41c42,fdroid,v1;v2;v3,24,28,arm64-v8a;armeabi-v7a;x86;x86_64,android.permission.ACCESS_NETWORK_STATE;android.permission.DUMP;android.permission.FOREGROUND_SERVICE;android.permission.INTERNET;android.permission.MANAGE_EXTERNAL_STORAGE;android.permission.PACKAGE_USAGE_STATS;android.permission.READ_LOGS;android.permission.REQUEST_IGNORE_BATTERY_OPTIMIZATIONS;android.permission.REQUEST_INSTALL_PACKAGES;android.permission.SYSTEM_ALERT_WINDOW;android.permission.VIBRATE;android.permission.WAKE_LOCK;android.permission.WRITE_EXTERNAL_STORAGE;android.permission.WRITE_SECURE_SETTINGS;com.android.alarm.permission.SET_ALARM,android.permission.WRITE_EXTERNAL_STORAGE,,,,,,,,GPL-3.0-only,2026-09-30T21:06:00.946Z
Termux:API,com.termux.api,https://h5.2113.net/apps/termux-api.html,apps,fdroid,https://f-droid.org/packages/com.termux.api/,0.53.0,1002,2025-09-05,4497dbbf81906df52e59ed387a5223d225aa0de3aca817cc557a621e4dadda44,3956196,228fb2cfe90831c1499ec3ccaf61e96e8e1ce70766b9474672ce427334d41c42,fdroid,v1;v2;v3,24,28,,android.permission.ACCESS_BACKGROUND_LOCATION;android.permission.ACCESS_COARSE_LOCATION;android.permission.ACCESS_FINE_LOCATION;android.permission.ACCESS_NETWORK_STATE;android.permission.ACCESS_WIFI_STATE;android.permission.BODY_SENSORS;android.permission.CALL_PHONE;android.permission.CAMERA;android.permission.CHANGE_WIFI_STATE;android.permission.DUMP;android.permission.INTERNET;android.permission.MANAGE_EXTERNAL_STORAGE;android.permission.NFC;android.permission.PACKAGE_USAGE_STATS;android.permission.READ_CALL_LOG;android.permission.READ_CONTACTS;android.permission.READ_EXTERNAL_STORAGE;android.permission.READ_PHONE_STATE;android.permission.READ_PRIVILEGED_PHONE_STATE;android.permission.READ_SMS;android.permission.RECEIVE_BOOT_COMPLETED;android.permission.RECORD_AUDIO;android.permission.REQUEST_DELETE_PACKAGES;android.permission.REQUEST_IGNORE_BATTERY_OPTIMIZATIONS;android.permission.REQUEST_INSTALL_PACKAGES;android.permission.SEND_SMS;android.permission.SET_WALLPAPER;android.permission.SYSTEM_ALERT_WINDOW;android.permission.TRANSMIT_IR;android.permission.USE_BIOMETRIC;android.permission.USE_FINGERPRINT;android.permission.VIBRATE;android.permission.WRITE_EXTERNAL_STORAGE;android.permission.WRITE_SETTINGS;com.termux.api.DYNAMIC_RECEIVER_NOT_EXPORTED_PERMISSION,android.permission.ACCESS_BACKGROUND_LOCATION;android.permission.ACCESS_COARSE_LOCATION;android.permission.ACCESS_FINE_LOCATION;android.permission.BODY_SENSORS;android.permission.CALL_PHONE;android.permission.CAMERA;android.permission.READ_CALL_LOG;android.permission.READ_CONTACTS;android.permission.READ_EXTERNAL_STORAGE;android.permission.READ_PHONE_STATE;android.permission.READ_SMS;android.permission.RECORD_AUDIO;android.permission.SEND_SMS;android.permission.WRITE_EXTERNAL_STORAGE,,,,,,,,GPL-3.0-only,2026-09-30T21:06:43.027Z
Termux:Boot,com.termux.boot,https://h5.2113.net/apps/termux-boot.html,apps,fdroid,https://f-droid.org/packages/com.termux.boot/,0.8.1,1000,2024-06-26,6f7cf9b94f539d3efd4af3544ff819947b49395275d8cfa7e5f80de14f3d9cf8,26000,228fb2cfe90831c1499ec3ccaf61e96e8e1ce70766b9474672ce427334d41c42,fdroid,v1;v2;v3,21,28,,android.permission.RECEIVE_BOOT_COMPLETED;android.permission.WAKE_LOCK,,,,,,,,,GPL-3.0-only,2026-09-30T21:06:43.064Z
Termux:GUI,com.termux.gui,https://h5.2113.net/apps/termux-gui.html,apps,fdroid,https://f-droid.org/packages/com.termux.gui/,0.1.6,7,2025-02-20,f9bcb38c65a193da2b307385a55ab86632c4f9c1abd5250a0e1a8bd21145013f,3492051,228fb2cfe90831c1499ec3ccaf61e96e8e1ce70766b9474672ce427334d41c42,fdroid,v1;v2;v3,24,33,arm64-v8a;armeabi-v7a;x86;x86_64,android.permission.FOREGROUND_SERVICE;android.permission.POST_NOTIFICATIONS;android.permission.SYSTEM_ALERT_WINDOW;android.permission.WAKE_LOCK,android.permission.POST_NOTIFICATIONS,,,,,,,,GPL-3.0-only,2026-09-30T21:06:53.666Z
Termux:Styling,com.termux.styling,https://h5.2113.net/apps/termux-styling.html,apps,fdroid,https://f-droid.org/packages/com.termux.styling/,0.32.1,1000,2024-06-26,799a53f096c28e2aafae918f5ab91de500526bc5461030dbceea4e89bf56b68f,32930486,228fb2cfe90831c1499ec3ccaf61e96e8e1ce70766b9474672ce427334d41c42,fdroid,v1;v2;v3,21,28,,,,,,,,,,,GPL-3.0-only,2026-09-30T21:06:43.489Z
Termux:Tasker,com.termux.tasker,https://h5.2113.net/apps/termux-tasker.html,apps,fdroid,https://f-droid.org/packages/com.termux.tasker/,0.9.0,1002,2025-09-05,f8cd889f9987759bcaeb68b8a8ba337085b5938b97a5cd9f05a4e610d411ef5e,2892038,228fb2cfe90831c1499ec3ccaf61e96e8e1ce70766b9474672ce427334d41c42,fdroid,v1;v2;v3,21,28,,android.permission.VIBRATE;com.termux.tasker.DYNAMIC_RECEIVER_NOT_EXPORTED_PERMISSION,,,,,,,NonFreeDep,,GPL-3.0-only,2026-09-30T21:06:51.712Z
Termux:Widget,com.termux.widget,https://h5.2113.net/apps/termux-widget.html,apps,fdroid,https://f-droid.org/packages/com.termux.widget/,0.15.0,1001,2025-09-05,45fb3f56a7248cb8e14b24b478357e340c63d6cfabb87ff5be94b667ad1688d6,5873060,228fb2cfe90831c1499ec3ccaf61e96e8e1ce70766b9474672ce427334d41c42,fdroid,v1;v2;v3,24,28,arm64-v8a;armeabi-v7a;x86;x86_64,android.permission.VIBRATE;com.termux.widget.DYNAMIC_RECEIVER_NOT_EXPORTED_PERMISSION,,,,,,,,,GPL-3.0-only,2026-09-30T21:06:43.249Z
Termux:Float,com.termux.window,https://h5.2113.net/apps/termux-float.html,apps,fdroid,https://f-droid.org/packages/com.termux.window/,0.17.0,1001,2025-09-05,380f0dbb35d3142931b8918b976bac05ff59a717e8b396b9c82f72b894b8e220,1945141,228fb2cfe90831c1499ec3ccaf61e96e8e1ce70766b9474672ce427334d41c42,fdroid,v1;v2;v3,24,28,arm64-v8a;armeabi-v7a;x86;x86_64,android.permission.INTERNET;android.permission.SYSTEM_ALERT_WINDOW;android.permission.VIBRATE,,,,,,,,,GPL-3.0-only,2026-09-30T21:06:43.850Z
Magisk,com.topjohnwu.magisk,https://h5.2113.net/apps/magisk.html,apps,github,https://github.com/topjohnwu/Magisk/releases/tag/v30.7,30.7,30700,2026-02-23,e0d32d2123532860f97123d927b1bb86c4e08e6fd8a48bfc6b5bee0afae9ebd5,11613864,b4cb83b4dad99f997dbe872f013aa16c14eec41d167021f371f7e1330f273ee6,developer,v1;v2,23,36,arm64-v8a;armeabi-v7a;x86;x86_64,android.permission.ACCESS_NETWORK_STATE;android.permission.FOREGROUND_SERVICE;android.permission.HIDE_OVERLAY_WINDOWS;android.permission.INTERNET;android.permission.POST_NOTIFICATIONS;android.permission.QUERY_ALL_PACKAGES;android.permission.READ_EXTERNAL_STORAGE;android.permission.REQUEST_INSTALL_PACKAGES;android.permission.RUN_USER_INITIATED_JOBS;android.permission.UPDATE_PACKAGES_WITHOUT_USER_ACTION;android.permission.WRITE_EXTERNAL_STORAGE,android.permission.POST_NOTIFICATIONS;android.permission.READ_EXTERNAL_STORAGE;android.permission.WRITE_EXTERNAL_STORAGE,,,,,,,,GPL-3.0,2026-09-30T21:06:36.613Z
Fold Craft Launcher,com.tungsten.fcl,https://h5.2113.net/games/fold-craft-launcher.html,games,github,https://github.com/FCL-Team/FoldCraftLauncher/releases/tag/1.3.3.6,1.3.3.6,1336,2026-09-30,2523a999919e2f5e32def25a252513ab2d080c18a73a194f71262bece14d51d4,329923401,be114d96613f7375a510d836680b456c9d528d15b24c382b1137480f15894e5e,developer,v2,26,34,arm64-v8a;armeabi-v7a;x86;x86_64,android.permission.ACCESS_NETWORK_STATE;android.permission.ACCESS_WIFI_STATE;android.permission.CHANGE_NETWORK_STATE;android.permission.CHANGE_WIFI_MULTICAST_STATE;android.permission.CHANGE_WIFI_STATE;android.permission.FOREGROUND_SERVICE;android.permission.FOREGROUND_SERVICE_CONNECTED_DEVICE;android.permission.FOREGROUND_SERVICE_DATA_SYNC;android.permission.HIGH_SAMPLING_RATE_SENSORS;android.permission.INTERNET;android.permission.MANAGE_EXTERNAL_STORAGE;android.permission.POST_NOTIFICATIONS;android.permission.READ_EXTERNAL_STORAGE;android.permission.RECORD_AUDIO;android.permission.REQUEST_DELETE_PACKAGES;android.permission.REQUEST_IGNORE_BATTERY_OPTIMIZATIONS;android.permission.REQUEST_INSTALL_PACKAGES;android.permission.VIBRATE;android.permission.WAKE_LOCK;android.permission.WRITE_EXTERNAL_STORAGE;com.tungsten.fcl.DYNAMIC_RECEIVER_NOT_EXPORTED_PERMISSION,android.permission.POST_NOTIFICATIONS;android.permission.READ_EXTERNAL_STORAGE;android.permission.RECORD_AUDIO;android.permission.WRITE_EXTERNAL_STORAGE,,,,ByteHook (bhook),Pangle,,,GPL-3.0,2026-09-30T21:04:55.830Z
VIVI Music,com.vivi.vivimusic,https://h5.2113.net/apps/vivi.html,apps,izzy,https://apt.izzysoft.de/fdroid/index/apk/com.vivi.vivimusic,6.0.8,77,2026-09-25,042f4bb4f3587a224451d7ab143cb4e86b7a74c8065703fc2f1a86729e66d09c,29694136,e0581bab0b930b179396e13008aa08509cdcd1ee38f7ae54102fc3cf93256a9d,developer,v1;v2;v3,26,37,arm64-v8a;armeabi-v7a;x86;x86_64,android.permission.ACCESS_NETWORK_STATE;android.permission.BLUETOOTH;android.permission.BLUETOOTH_ADMIN;android.permission.BLUETOOTH_CONNECT;android.permission.FOREGROUND_SERVICE;android.permission.FOREGROUND_SERVICE_DATA_SYNC;android.permission.FOREGROUND_SERVICE_MEDIA_PLAYBACK;android.permission.INTERNET;android.permission.POST_NOTIFICATIONS;android.permission.READ_EXTERNAL_STORAGE;android.permission.RECEIVE_BOOT_COMPLETED;android.permission.RECORD_AUDIO;android.permission.WAKE_LOCK;android.permission.WRITE_EXTERNAL_STORAGE;com.vivi.vivimusic.DYNAMIC_RECEIVER_NOT_EXPORTED_PERMISSION,android.permission.BLUETOOTH_CONNECT;android.permission.POST_NOTIFICATIONS;android.permission.READ_EXTERNAL_STORAGE;android.permission.RECORD_AUDIO;android.permission.WRITE_EXTERNAL_STORAGE,,,,,,NonFreeNet,,GPL-3.0-only,2026-09-30T21:05:11.973Z
Winlator,com.winlator,https://h5.2113.net/games/winlator.html,games,github,https://github.com/brunodev85/winlator/releases/tag/v11.2.0,11.2,33,2026-08-19,ea5c81bf0e5b90a6b9ccb8007121ab6738c8646a5a60b341ce0ac2b33f1d100a,157549075,e576bf5035e4bba4efb2c5099f9d74a95cc3abe8e3b6b0c72219cc07eac8c8fb,developer,v2,26,28,arm64-v8a,android.permission.ACCESS_NETWORK_STATE;android.permission.ACCESS_WIFI_STATE;android.permission.FOREGROUND_SERVICE;android.permission.FOREGROUND_SERVICE_MEDIA_PLAYBACK;android.permission.INTERNET;android.permission.MODIFY_AUDIO_SETTINGS;android.permission.POST_NOTIFICATIONS;android.permission.READ_EXTERNAL_STORAGE;android.permission.VIBRATE;android.permission.WAKE_LOCK;android.permission.WRITE_EXTERNAL_STORAGE,android.permission.POST_NOTIFICATIONS;android.permission.READ_EXTERNAL_STORAGE;android.permission.WRITE_EXTERNAL_STORAGE,,,,,,,,LGPL-2.1,2026-09-30T21:04:41.388Z
WG Tunnel,com.zaneschepke.wireguardautotunnel,https://h5.2113.net/apps/wg-tunnel.html,apps,izzy,https://apt.izzysoft.de/fdroid/index/apk/com.zaneschepke.wireguardautotunnel,5.7.5,50705,2026-09-26,4ac03ebf173fa8655f71c26205b4bc0beef4618b216507db47ba0d15b432b438,18566786,5204d82e766e8aa14dcbb06dc70aebae2bdd812d4d6203cd521a8a685d7d3d80,developer,v2,26,37,arm64-v8a,android.permission.ACCESS_BACKGROUND_LOCATION;android.permission.ACCESS_COARSE_LOCATION;android.permission.ACCESS_FINE_LOCATION;android.permission.ACCESS_LOCAL_NETWORK;android.permission.ACCESS_NETWORK_STATE;android.permission.ACCESS_WIFI_STATE;android.permission.CAMERA;android.permission.FOREGROUND_SERVICE;android.permission.FOREGROUND_SERVICE_SPECIAL_USE;android.permission.FOREGROUND_SERVICE_SYSTEM_EXEMPTED;android.permission.INTERNET;android.permission.POST_NOTIFICATIONS;android.permission.POST_PROMOTED_NOTIFICATIONS;android.permission.QUERY_ALL_PACKAGES;android.permission.RECEIVE_BOOT_COMPLETED;android.permission.REQUEST_IGNORE_BATTERY_OPTIMIZATIONS;android.permission.SCHEDULE_EXACT_ALARM;android.permission.WAKE_LOCK;android.permission.WRITE_EXTERNAL_STORAGE;com.zaneschepke.wireguardautotunnel.DYNAMIC_RECEIVER_NOT_EXPORTED_PERMISSION;moe.shizuku.manager.permission.API_V23,android.permission.ACCESS_BACKGROUND_LOCATION;android.permission.ACCESS_COARSE_LOCATION;android.permission.ACCESS_FINE_LOCATION;android.permission.CAMERA;android.permission.POST_NOTIFICATIONS;android.permission.WRITE_EXTERNAL_STORAGE,,,,,,,shizuku,MIT,2026-09-30T21:04:58.130Z
Free Notifications,de.binarynoise.freeNotifications,https://h5.2113.net/apps/free-notifications.html,apps,izzy,https://apt.izzysoft.de/fdroid/index/apk/de.binarynoise.freeNotifications,66-894ca4a-20251216,66,2025-12-17,157fb1082bdd39323a0839bc0f50bf7a33a9cf5efbcbfe58002bb44a60bf90bd,19849,70692bac877fad4481f01c181125ebb66d0e234f45f7e88e4200fb566c7207c9,developer,v2,26,36,,,,,,,,,,xposed,EUPL-1.2,2026-09-30T21:04:02.877Z
OpenVPN for Android,de.blinkt.openvpn,https://h5.2113.net/apps/openvpn-for-android.html,apps,fdroid,https://f-droid.org/packages/de.blinkt.openvpn/,0.7.65,220,2026-09-11,3ce86b641d1627820d8f05606a3fb58d966ffa8360c234563b3c5e1bd3a8490a,39765197,4cd330fe6593e2e64b1e1fa383f0c6d73892184fc1cd1a909e71d558d862e212,fdroid,v1;v2;v3,23,37,arm64-v8a;armeabi-v7a;x86;x86_64,android.permission.ACCESS_LOCAL_NETWORK;android.permission.ACCESS_NETWORK_STATE;android.permission.FOREGROUND_SERVICE;android.permission.FOREGROUND_SERVICE_SPECIAL_USE;android.permission.INTERNET;android.permission.POST_NOTIFICATIONS;android.permission.QUERY_ALL_PACKAGES;android.permission.READ_EXTERNAL_STORAGE;android.permission.RECEIVE_BOOT_COMPLETED;de.blinkt.openvpn.DYNAMIC_RECEIVER_NOT_EXPORTED_PERMISSION,android.permission.POST_NOTIFICATIONS;android.permission.READ_EXTERNAL_STORAGE,,,,,,,,GPL-2.0-only,2026-09-30T21:07:15.534Z
Disable Target API Block,de.buttercookie.disabletargetapiblock,https://h5.2113.net/apps/disable-target-api-block.html,apps,izzy,https://apt.izzysoft.de/fdroid/index/apk/de.buttercookie.disabletargetapiblock,1.2,5,2025-10-18,e9d675c2fefeb4e47ee43eb15f4cd8393c1e8c7ccb831a531cfaf00add3a974b,13976,7baab2feb8ac7fe10fe5414e4d28aa901a525981b1201e2d583df5bb6d9b1b13,developer,v2,34,36,,,,,,,,,,xposed,MPL-2.0,2026-09-30T21:04:01.625Z
AntennaPod,de.danoeh.antennapod,https://h5.2113.net/apps/antennapod.html,apps,fdroid,https://f-droid.org/packages/de.danoeh.antennapod/,3.12.2,3120295,2026-09-20,3f43a4337a693cdb49141afe06cb596e88c796009ed77bff51e9444ce2d1ebfc,17749828,179430565a4a04bfe7827483243099bd10870410800cd7c4c7b48d8d3226df55,fdroid,v1;v2;v3,23,36,arm64-v8a;armeabi-v7a;x86;x86_64,android.permission.ACCESS_NETWORK_STATE;android.permission.ACCESS_WIFI_STATE;android.permission.BLUETOOTH;android.permission.FOREGROUND_SERVICE;android.permission.FOREGROUND_SERVICE_MEDIA_PLAYBACK;android.permission.INTERNET;android.permission.POST_NOTIFICATIONS;android.permission.RECEIVE_BOOT_COMPLETED;android.permission.VIBRATE;android.permission.WAKE_LOCK;de.danoeh.antennapod.DYNAMIC_RECEIVER_NOT_EXPORTED_PERMISSION,android.permission.POST_NOTIFICATIONS,,,,,,,,GPL-3.0-only,2026-09-30T21:06:35.039Z
Activity Launcher,de.szalkowski.activitylauncher,https://h5.2113.net/apps/activity-launcher.html,apps,fdroid,https://f-droid.org/packages/de.szalkowski.activitylauncher/,2.4.1,20406,2026-07-10,d8ab42f6ab5943b380d96dd430e377d49bdc816ac792429ed0ca66768c41b153,3401777,2015709d519fd686b1e37b334f12082cbafcb9f5126a68a25b172043ebb581de,fdroid,v1;v2;v3,16,37,,android.permission.QUERY_ALL_PACKAGES;com.android.launcher.permission.INSTALL_SHORTCUT;de.szalkowski.activitylauncher.DYNAMIC_RECEIVER_NOT_EXPORTED_PERMISSION;de.szalkowski.activitylauncher.permission.CREATE_SHORTCUT;de.szalkowski.activitylauncher.permission.LAUNCH_ACTIVITY,,,,,,,,,ISC,2026-09-30T21:08:00.299Z
Next Player,dev.anilbeesetti.nextplayer,https://h5.2113.net/apps/next-player.html,apps,izzy,https://apt.izzysoft.de/fdroid/index/apk/dev.anilbeesetti.nextplayer,0.18.0,74,2026-09-16,717ab28053af129f79442aed269843bc3f2009b132c9d955342ddc3117dfd044,18948102,d37cabf3676cf58224fb242c8dd209129d05880379295faaa6d0fb607bec131b,developer,v2,24,37,arm64-v8a,android.permission.ACCESS_NETWORK_STATE;android.permission.FOREGROUND_SERVICE;android.permission.FOREGROUND_SERVICE_MEDIA_PLAYBACK;android.permission.INTERNET;android.permission.READ_EXTERNAL_STORAGE;android.permission.READ_MEDIA_VIDEO;android.permission.USE_BIOMETRIC;android.permission.USE_FINGERPRINT;android.permission.WAKE_LOCK;android.permission.WRITE_EXTERNAL_STORAGE;dev.anilbeesetti.nextplayer.DYNAMIC_RECEIVER_NOT_EXPORTED_PERMISSION,android.permission.READ_EXTERNAL_STORAGE;android.permission.READ_MEDIA_VIDEO;android.permission.WRITE_EXTERNAL_STORAGE,,,,,,,,GPL-3.0-only,2026-09-30T21:08:18.711Z
Obtainium,dev.imranr.obtainium.fdroid,https://h5.2113.net/apps/obtainium.html,apps,fdroid,https://f-droid.org/packages/dev.imranr.obtainium.fdroid/,1.6.17,23563,2026-09-15,8d03b4f02f070d8e64f448ce77ad66daccce9a585e4015b984ee5a7ddee9c29c,26088490,b353601f6a1d5fd6603ae2f50be80cf301367b86b6ab8b1f66243da96cd57362,developer,v1;v2;v3,26,36,arm64-v8a,android.permission.ACCESS_NETWORK_STATE;android.permission.ENFORCE_UPDATE_OWNERSHIP;android.permission.FOREGROUND_SERVICE;android.permission.FOREGROUND_SERVICE_SHORT_SERVICE;android.permission.INTERNET;android.permission.POST_NOTIFICATIONS;android.permission.QUERY_ALL_PACKAGES;android.permission.READ_EXTERNAL_STORAGE;android.permission.RECEIVE_BOOT_COMPLETED;android.permission.REQUEST_DELETE_PACKAGES;android.permission.REQUEST_INSTALL_PACKAGES;android.permission.UPDATE_PACKAGES_WITHOUT_USER_ACTION;android.permission.VIBRATE;android.permission.WAKE_LOCK;android.permission.WRITE_EXTERNAL_STORAGE;com.rosan.dhizuku.permission.API;dev.imranr.obtainium.fdroid.DYNAMIC_RECEIVER_NOT_EXPORTED_PERMISSION;moe.shizuku.manager.permission.API_V23,android.permission.POST_NOTIFICATIONS;android.permission.READ_EXTERNAL_STORAGE;android.permission.WRITE_EXTERNAL_STORAGE,,,,,,,shizuku,GPL-3.0-only,2026-09-30T21:06:12.645Z
Install with Options,dev.zwander.installwithoptions,https://h5.2113.net/apps/install-with-options.html,apps,izzy,https://apt.izzysoft.de/fdroid/index/apk/dev.zwander.installwithoptions,0.9.2,27,2026-03-15,e448eb297733b7a194b27f47b502f2ae14d17b97e98b799925eb3dc0e15f937f,13092588,e6565e92740a44d5550a03dc34f1b2a736f8b13f60a2a5f29f1fb9364b6fc56e,developer,v2,24,36,arm64-v8a;armeabi-v7a;x86;x86_64,android.permission.ACCESS_NETWORK_STATE;android.permission.INTERNET;android.permission.QUERY_ALL_PACKAGES;android.permission.REQUEST_INSTALL_PACKAGES;dev.zwander.installwithoptions.DYNAMIC_RECEIVER_NOT_EXPORTED_PERMISSION;moe.shizuku.manager.permission.API_V23,,Bugsnag,Crash reporting,,,,,shizuku;libsu,MIT,2026-09-30T21:04:05.870Z
NetGuard,eu.faircode.netguard,https://h5.2113.net/apps/netguard.html,apps,izzy,https://apt.izzysoft.de/fdroid/index/apk/eu.faircode.netguard,2.337,2026080101,2026-08-02,150a0362f04408c2d3cc7fb38d7e126445019d523489c8d82df6fb456c4e6ad2,3222200,e4a260a2dce7b7af23ee919c489e15fd0102b93f9e7c9d82b09c0b395000e4d4,developer,v1;v2,23,36,arm64-v8a;armeabi-v7a;x86;x86_64,android.permission.ACCESS_NETWORK_STATE;android.permission.ACCESS_WIFI_STATE;android.permission.FOREGROUND_SERVICE;android.permission.FOREGROUND_SERVICE_SPECIAL_USE;android.permission.INTERNET;android.permission.POST_NOTIFICATIONS;android.permission.QUERY_ALL_PACKAGES;android.permission.READ_PHONE_STATE;android.permission.RECEIVE_BOOT_COMPLETED;android.permission.VIBRATE;android.permission.WAKE_LOCK;com.android.vending.BILLING;eu.faircode.netguard.DYNAMIC_RECEIVER_NOT_EXPORTED_PERMISSION;eu.faircode.netguard.permission.ADMIN,android.permission.POST_NOTIFICATIONS;android.permission.READ_PHONE_STATE,,,,,,NonFreeComp;NonFreeNet,,GPL-3.0-only,2026-09-30T21:07:14.422Z
KISS Launcher,fr.neamar.kiss,https://h5.2113.net/apps/kiss-launcher.html,apps,fdroid,https://f-droid.org/packages/fr.neamar.kiss/,3.26.0,224,2026-07-03,da6ab0b1219ad3b5ee573698523fb15d60a918083e0843f94a03c1b12e1098c9,2205788,ec038e5b12c9fb8df23b5ecc1f71dd251bc503b30cec8d58a00cfae2c31abf1b,fdroid,v1;v2;v3,21,36,,android.permission.ACCESS_HIDDEN_PROFILES;android.permission.CALL_PHONE;android.permission.EXPAND_STATUS_BAR;android.permission.QUERY_ALL_PACKAGES;android.permission.READ_CONTACTS;android.permission.READ_PHONE_STATE;android.permission.REQUEST_DELETE_PACKAGES;com.android.alarm.permission.SET_ALARM;fr.neamar.kiss.DYNAMIC_RECEIVER_NOT_EXPORTED_PERMISSION,android.permission.CALL_PHONE;android.permission.READ_CONTACTS;android.permission.READ_PHONE_STATE,,,,,,,,GPL-3.0-only,2026-09-30T21:08:51.878Z
SkyTube,free.rm.skytube.oss,https://h5.2113.net/apps/skytube.html,apps,fdroid,https://f-droid.org/packages/free.rm.skytube.oss/,2.999,59,2026-05-27,fd68f3689b53e56bdf967cfb6d5876fa35049ae3483303a2acad6ce7cfdd77be,9307080,435adf83d60ff5a9ccdcab9971865dca86f5086f615e83369aa6bbce26f5a830,fdroid,v1;v2;v3,19,28,,android.permission.ACCESS_NETWORK_STATE;android.permission.INTERNET;android.permission.WRITE_EXTERNAL_STORAGE;free.rm.skytube.oss.DYNAMIC_RECEIVER_NOT_EXPORTED_PERMISSION,android.permission.WRITE_EXTERNAL_STORAGE,,,,,,NonFreeNet,,GPL-3.0-only,2026-09-30T21:08:16.111Z
aShell You,in.hridayan.ashell,https://h5.2113.net/apps/ashell-you.html,apps,izzy,https://apt.izzysoft.de/fdroid/index/apk/in.hridayan.ashell,v7.4.0,62,2026-05-22,0ff9a694fcdb2dafd5661cac285a49b4541c7b33bc38e8e1aebaffa5a48e34b2,11490894,dc4217203a7284bd159d7b863b7990620069c7929d6f5a51f59a321e77f18d4c,developer,v2,28,36,arm64-v8a;armeabi-v7a;x86;x86_64,android.permission.ACCESS_NETWORK_STATE;android.permission.ACCESS_WIFI_STATE;android.permission.CHANGE_WIFI_MULTICAST_STATE;android.permission.FOREGROUND_SERVICE;android.permission.FOREGROUND_SERVICE_CONNECTED_DEVICE;android.permission.INTERNET;android.permission.MANAGE_EXTERNAL_STORAGE;android.permission.NEARBY_WIFI_DEVICES;android.permission.POST_NOTIFICATIONS;android.permission.QUERY_ALL_PACKAGES;android.permission.READ_EXTERNAL_STORAGE;android.permission.RECEIVE_BOOT_COMPLETED;android.permission.REQUEST_INSTALL_PACKAGES;android.permission.USB_PERMISSION;android.permission.WAKE_LOCK;android.permission.WRITE_EXTERNAL_STORAGE;in.hridayan.ashell.DYNAMIC_RECEIVER_NOT_EXPORTED_PERMISSION;moe.shizuku.manager.permission.API_V23,android.permission.NEARBY_WIFI_DEVICES;android.permission.POST_NOTIFICATIONS;android.permission.READ_EXTERNAL_STORAGE;android.permission.WRITE_EXTERNAL_STORAGE,,,,,,,shizuku,GPL-3.0-or-later,2026-09-30T21:07:44.184Z
aShell,in.sunilpaulmathew.ashell,https://h5.2113.net/apps/ashell.html,apps,izzy,https://apt.izzysoft.de/fdroid/index/apk/in.sunilpaulmathew.ashell,v0.29,29,2026-09-11,1a09be44bddf425e97f59d89b4096d59250d9e5b0083e25d8a56b02237e61064,2200008,b427a24788ce5c44243284a64ff629c5bb72ac309356a1f1ee7d2413339fe424,developer,v2,24,37,,android.permission.WRITE_EXTERNAL_STORAGE;in.sunilpaulmathew.ashell.DYNAMIC_RECEIVER_NOT_EXPORTED_PERMISSION;moe.shizuku.manager.permission.API_V23,android.permission.WRITE_EXTERNAL_STORAGE,,,,,,,shizuku,GPL-3.0-or-later,2026-09-30T21:08:39.227Z
PipePipe,InfinityLoop1309.NewPipeEnhanced,https://h5.2113.net/apps/pipepipe.html,apps,izzy,https://apt.izzysoft.de/fdroid/index/apk/InfinityLoop1309.NewPipeEnhanced,5.4.0,110904,2026-09-25,fd1013786971bb206ca00e0bc98a4096e90a29e43e0c3d2f8659f277f3fe1c54,32359236,dec73429ce2563275f5ed19825e44652b32b363a46f38bdff9ad6dcde4842d88,developer,v1;v2,23,36,arm64-v8a,android.permission.ACCESS_NETWORK_STATE;android.permission.FOREGROUND_SERVICE;android.permission.FOREGROUND_SERVICE_DATA_SYNC;android.permission.FOREGROUND_SERVICE_MEDIA_PLAYBACK;android.permission.FOREGROUND_SERVICE_SPECIAL_USE;android.permission.INTERNET;android.permission.POST_NOTIFICATIONS;android.permission.RECEIVE_BOOT_COMPLETED;android.permission.SYSTEM_ALERT_WINDOW;android.permission.WAKE_LOCK;android.permission.WRITE_EXTERNAL_STORAGE,android.permission.POST_NOTIFICATIONS;android.permission.WRITE_EXTERNAL_STORAGE,ACRA,Crash reporting,,,,NonFreeNet,,GPL-3.0-only,2026-09-30T21:05:48.970Z
FreeTube Android,io.freetubeapp.freetube,https://h5.2113.net/apps/freetube.html,apps,izzy,https://apt.izzysoft.de/fdroid/index/apk/io.freetubeapp.freetube,0.25.3.1,250003001,2026-09-13,a52dd1307ac5847393fe7e1a0803a8013f4001b9d202eb1f7bf0bf7774deb7f7,5145861,4d9664daae8a83532756adc8777e96a6de9f8497bb60ad1c782adb71fae80fc1,developer,v2,29,34,,android.permission.ACCESS_NETWORK_STATE;android.permission.FOREGROUND_SERVICE;android.permission.FOREGROUND_SERVICE_MEDIA_PLAYBACK;android.permission.INTERNET;android.permission.POST_NOTIFICATIONS;io.freetubeapp.freetube.DYNAMIC_RECEIVER_NOT_EXPORTED_PERMISSION,android.permission.POST_NOTIFICATIONS,,,,,,NonFreeNet,,AGPL-3.0-or-later,2026-09-30T21:05:14.192Z
HideMockLocation,io.github.auag0.hidemocklocation,https://h5.2113.net/apps/hidemocklocation.html,apps,izzy,https://apt.izzysoft.de/fdroid/index/apk/io.github.auag0.hidemocklocation,2.3.1,11,2026-05-12,f74c113ddd134901988339e1822cc3b19fb57991544206789422068dd89e907a,21958,06c19b8aeb0fdf14bef31ea34834d6ba7a3f38856728ff1fa35e334ef7fc2db1,developer,v2,26,36,,,,,,,,,,xposed,MIT,2026-09-30T21:04:02.872Z
App Manager,io.github.muntashirakon.AppManager,https://h5.2113.net/apps/app-manager.html,apps,izzy,https://apt.izzysoft.de/fdroid/index/apk/io.github.muntashirakon.AppManager,4.1.1,451,2026-09-04,2540d6d9352acd8b04d6210140630a380abb1bc46ad4745c89ad97603dee3c40,28270163,320c0c0fe8cef873f2b554cb88c837f1512589dcced50c5b25c43c04596760ab,developer,v1;v2;v3,21,36,arm64-v8a;armeabi-v7a;x86;x86_64,android.permission.ACCESS_HIDDEN_PROFILES;android.permission.ACCESS_NETWORK_STATE;android.permission.ADJUST_RUNTIME_PERMISSIONS_POLICY;android.permission.BACKUP;android.permission.CHANGE_COMPONENT_ENABLED_STATE;android.permission.CHANGE_OVERLAY_PACKAGES;android.permission.CLEAR_APP_CACHE;android.permission.CLEAR_APP_USER_DATA;android.permission.DELETE_CACHE_FILES;android.permission.DELETE_PACKAGES;android.permission.DEVICE_POWER;android.permission.DUMP;android.permission.ENFORCE_UPDATE_OWNERSHIP;android.permission.FORCE_STOP_PACKAGES;android.permission.FOREGROUND_SERVICE;android.permission.FOREGROUND_SERVICE_DATA_SYNC;android.permission.FOREGROUND_SERVICE_SPECIAL_USE;android.permission.GET_APP_OPS_STATS;android.permission.GET_PACKAGE_SIZE;android.permission.GET_RUNTIME_PERMISSIONS;android.permission.GET_TASKS;android.permission.GRANT_RUNTIME_PERMISSIONS;android.permission.INSTALL_PACKAGES;android.permission.INSTALL_TEST_ONLY_PACKAGE;android.permission.INTERACT_ACROSS_USERS;android.permission.INTERACT_ACROSS_USERS_FULL;android.permission.INTERNAL_DELETE_CACHE_FILES;android.permission.INTERNET;android.permission.KILL_UID;android.permission.MANAGE_APPOPS;android.permission.MANAGE_APP_OPS_MODES;android.permission.MANAGE_EXTERNAL_STORAGE;android.permission.MANAGE_NETWORK_POLICY;android.permission.MANAGE_NOTIFICATION_LISTENERS;android.permission.MANAGE_SENSORS;android.permission.MANAGE_USERS;android.permission.NETWORK_SETTINGS;android.permission.PACKAGE_USAGE_STATS;android.permission.POST_NOTIFICATIONS;android.permission.QUERY_ALL_PACKAGES;android.permission.READ_EXTERNAL_STORAGE;android.permission.READ_LOGS;android.permission.READ_PHONE_STATE;android.permission.REAL_GET_TASKS;android.permission.RECEIVE_BOOT_COMPLETED;android.permission.REQUEST_DELETE_PACKAGES;android.permission.REQUEST_INSTALL_PACKAGES;android.permission.REVOKE_RUNTIME_PERMISSIONS;android.permission.START_ANY_ACTIVITY;android.permission.SUSPEND_APPS;android.permission.SYSTEM_ALERT_WINDOW;android.permission.UPDATE_APP_OPS_STATS;android.permission.UPDATE_DOMAIN_VERIFICATION_USER_SELECTION;android.permission.UPDATE_PACKAGES_WITHOUT_USER_ACTION;android.permission.USE_BIOMETRIC;android.permission.USE_FINGERPRINT;android.permission.WAKE_LOCK;android.permission.WRITE_EXTERNAL_STORAGE;android.permission.WRITE_SECURE_SETTINGS;com.android.launcher.permission.INSTALL_SHORTCUT;com.android.permission.INSTALL_EXISTING_PACKAGES;com.termux.permission.RUN_COMMAND;io.github.muntashirakon.AppManager.DYNAMIC_RECEIVER_NOT_EXPORTED_PERMISSION,android.permission.POST_NOTIFICATIONS;android.permission.READ_EXTERNAL_STORAGE;android.permission.READ_PHONE_STATE;android.permission.WRITE_EXTERNAL_STORAGE,,,,,,,libsu,GPL-3.0-only,2026-09-30T21:08:00.026Z
Current Activity,io.github.ratul.topactivity,https://h5.2113.net/apps/current-activity.html,apps,izzy,https://apt.izzysoft.de/fdroid/index/apk/io.github.ratul.topactivity,2.2.0,25,2026-03-28,c8916f9832c75017aa89745b119669feb25357ef5c22abac86ab23e37b294fb3,2580693,09252c3533c4378957d22ead9165dbd91fb252119e7fce7eb595dcca6c4b6748,developer,v2,24,36,,android.permission.INTERNET;android.permission.PACKAGE_USAGE_STATS;android.permission.POST_NOTIFICATIONS;android.permission.QUERY_ALL_PACKAGES;android.permission.SYSTEM_ALERT_WINDOW;io.github.ratul.topactivity.DYNAMIC_RECEIVER_NOT_EXPORTED_PERMISSION,android.permission.POST_NOTIFICATIONS,,,,,,,,GPL-3.0-or-later,2026-09-30T21:06:57.939Z
Canta,io.github.samolego.canta,https://h5.2113.net/apps/canta.html,apps,izzy,https://apt.izzysoft.de/fdroid/index/apk/io.github.samolego.canta,3.2.2,225,2026-03-01,5a646d366905c0be2033aa270b008b3ef79fda99fbc95988445b0f430283a1ed,4698310,0a2640317c43272188c3e13194c15460691f12c39ea19bba727dd67fb56289d4,developer,v2,28,35,arm64-v8a;armeabi-v7a;x86;x86_64,android.permission.ACCESS_NETWORK_STATE;android.permission.INTERNET;android.permission.QUERY_ALL_PACKAGES;android.permission.USE_BIOMETRIC;android.permission.USE_FINGERPRINT;io.github.samolego.canta.DYNAMIC_RECEIVER_NOT_EXPORTED_PERMISSION;moe.shizuku.manager.permission.API_V23,,,,,,,NonFreeDep;NonFreeNet,shizuku,LGPL-3.0-or-later,2026-09-30T21:07:57.379Z
Key Mapper,io.github.sds100.keymapper,https://h5.2113.net/apps/key-mapper.html,apps,fdroid,https://f-droid.org/packages/io.github.sds100.keymapper/,4.5.0-foss,271,2026-09-22,9896a5d9b7ad976cc14f8f6d88ab4f57952b44f9bc32f68c87b03e1987204806,15034751,f4d753302710c9a7a40885c891aebdb1a0f275122fdcdb7c2f45a202b213f373,fdroid,v1;v2;v3,26,37,arm64-v8a;armeabi-v7a;x86;x86_64,android.permission.ACCESS_FINE_LOCATION;android.permission.ACCESS_LOCAL_NETWORK;android.permission.ACCESS_NETWORK_STATE;android.permission.ACCESS_NOTIFICATION_POLICY;android.permission.ACCESS_WIFI_STATE;android.permission.ANSWER_PHONE_CALLS;android.permission.BLUETOOTH;android.permission.BLUETOOTH_ADMIN;android.permission.BLUETOOTH_CONNECT;android.permission.CALL_PHONE;android.permission.CAMERA;android.permission.CHANGE_WIFI_STATE;android.permission.EXPAND_STATUS_BAR;android.permission.INTERNET;android.permission.MANAGE_EXTERNAL_STORAGE;android.permission.MODIFY_AUDIO_SETTINGS;android.permission.POST_NOTIFICATIONS;android.permission.QUERY_ALL_PACKAGES;android.permission.READ_EXTERNAL_STORAGE;android.permission.READ_LOGS;android.permission.READ_PHONE_STATE;android.permission.RECEIVE_BOOT_COMPLETED;android.permission.REORDER_TASKS;android.permission.REQUEST_IGNORE_BATTERY_OPTIMIZATIONS;android.permission.SEND_SMS;android.permission.USE_FINGERPRINT;android.permission.VIBRATE;android.permission.WRITE_EXTERNAL_STORAGE;android.permission.WRITE_SECURE_SETTINGS;android.permission.WRITE_SETTINGS;com.termux.permission.RUN_COMMAND;io.github.sds100.keymapper.DYNAMIC_RECEIVER_NOT_EXPORTED_PERMISSION;moe.shizuku.manager.permission.API_V23,android.permission.ACCESS_FINE_LOCATION;android.permission.ANSWER_PHONE_CALLS;android.permission.BLUETOOTH_CONNECT;android.permission.CALL_PHONE;android.permission.CAMERA;android.permission.POST_NOTIFICATIONS;android.permission.READ_EXTERNAL_STORAGE;android.permission.READ_PHONE_STATE;android.permission.SEND_SMS;android.permission.WRITE_EXTERNAL_STORAGE,,,,,,Ads,shizuku,GPL-3.0-only,2026-09-30T21:07:41.995Z
KnoxPatch,io.mesalabs.knoxpatch,https://h5.2113.net/apps/knoxpatch.html,apps,izzy,https://apt.izzysoft.de/fdroid/index/apk/io.mesalabs.knoxpatch,0.8.3,8003,2026-06-25,fff78f1c0a7aa3ed2a0db98cfba3d1a9f2f9f907ae045476da5d578cd9f87365,3364844,339fb64d24a6a8c1c7ab85b6059ff810eae3bd1481a3af51a08f08d658e9172d,developer,v2,28,36,arm64-v8a;armeabi-v7a;x86;x86_64,io.mesalabs.knoxpatch.DYNAMIC_RECEIVER_NOT_EXPORTED_PERMISSION,,,,,,,,xposed,GPL-3.0-or-later,2026-09-30T21:04:01.865Z
Open SSTP Client,kittoku.osc,https://h5.2113.net/apps/open-sstp-client.html,apps,izzy,https://apt.izzysoft.de/fdroid/index/apk/kittoku.osc,1.10.2,49,2026-05-02,eaae3fc3b238d28567a661be6bd57df57aa293bfb2cfeed74cb78397672cb5ca,5848328,35a0107f1c39134a4ee7c03272fdccb80aac4b864583d063fef63758277de3d5,developer,v1;v2,23,35,,android.permission.ACCESS_NETWORK_STATE;android.permission.FOREGROUND_SERVICE;android.permission.FOREGROUND_SERVICE_SPECIAL_USE;android.permission.INTERNET;android.permission.POST_NOTIFICATIONS;android.permission.QUERY_ALL_PACKAGES;kittoku.osc.DYNAMIC_RECEIVER_NOT_EXPORTED_PERMISSION,android.permission.POST_NOTIFICATIONS,,,,,,,,MIT,2026-09-30T21:06:58.505Z
Bloomee,ls.bloomee.musicplayer,https://h5.2113.net/apps/bloomee.html,apps,izzy,https://apt.izzysoft.de/fdroid/index/apk/ls.bloomee.musicplayer,3.0.4,2202,2026-05-29,472081c0bcd1c94a41eb563e4a3505d7ae96e6eefa046060406a99f0c2052fec,24426451,7df992b9643abd442ad5eac0417503e0d8c4275104a0a66d8cf43df69611a47e,developer,v2,24,36,arm64-v8a,android.permission.ACCESS_NETWORK_STATE;android.permission.ACCESS_NOTIFICATION_POLICY;android.permission.FOREGROUND_SERVICE;android.permission.FOREGROUND_SERVICE_MEDIA_PLAYBACK;android.permission.INTERNET;android.permission.POST_NOTIFICATIONS;android.permission.READ_EXTERNAL_STORAGE;android.permission.READ_MEDIA_AUDIO;android.permission.READ_MEDIA_VISUAL_USER_SELECTED;android.permission.USE_FULL_SCREEN_INTENT;android.permission.WAKE_LOCK;ls.bloomee.musicplayer.DYNAMIC_RECEIVER_NOT_EXPORTED_PERMISSION,android.permission.POST_NOTIFICATIONS;android.permission.READ_EXTERNAL_STORAGE;android.permission.READ_MEDIA_AUDIO;android.permission.READ_MEDIA_VISUAL_USER_SELECTED,,,,,,,,GPL-2.0-only,2026-09-30T21:05:07.882Z
Edge Seek,lsafer.edgeseek,https://h5.2113.net/apps/edge-seek.html,apps,izzy,https://apt.izzysoft.de/fdroid/index/apk/lsafer.edgeseek,0.3-pre.7,21,2025-11-19,bdc83b9bfae7c983bba475309d1c9e545b0f1255e6a2168b9b09b406a31c0f8b,9904522,fdfab44ae3e4cad95ebf96cd6132c72c7cb1903216ac67f928fb52d5d7df6347,developer,v2,24,36,arm64-v8a;armeabi-v7a;x86;x86_64,android.permission.EXPAND_STATUS_BAR;android.permission.FOREGROUND_SERVICE;android.permission.FOREGROUND_SERVICE_SPECIAL_USE;android.permission.RECEIVE_BOOT_COMPLETED;android.permission.REQUEST_IGNORE_BATTERY_OPTIMIZATIONS;android.permission.SYSTEM_ALERT_WINDOW;android.permission.VIBRATE;android.permission.WRITE_SETTINGS;lsafer.edgeseek.DYNAMIC_RECEIVER_NOT_EXPORTED_PERMISSION,,,,,,,,,Apache-2.0,2026-09-30T21:04:16.769Z
USB HID Client,me.arianb.usb_hid_client,https://h5.2113.net/apps/usb-hid-client.html,apps,izzy,https://apt.izzysoft.de/fdroid/index/apk/me.arianb.usb_hid_client,v3.1.0,310,2026-08-17,70b40b06e80e0184442b02eaedbe9b9f0cd9f155ba107beaaf70bb639ffb954d,2869054,2fb511247808358a1e0a6ab81fc66cf5445fb560cae050a895a2e008561b3d43,developer,v2,26,33,arm64-v8a;armeabi-v7a;x86;x86_64,me.arianb.usb_hid_client.DYNAMIC_RECEIVER_NOT_EXPORTED_PERMISSION,,,,,,,,,GPL-3.0-only,2026-09-30T21:04:25.814Z
APatch,me.bmax.apatch,https://h5.2113.net/apps/apatch.html,apps,izzy,https://apt.izzysoft.de/fdroid/index/apk/me.bmax.apatch,0355948,11219,2026-08-01,cadc957b2c76ac28bcb351cd09d12c48cb32d2848eac4596b04e8fb0fe72f501,5364295,d71dadc0ca07bdf594383bfb2a445134a07339f12a27044a1b326981acf5f319,developer,v1;v2;v3,26,36,arm64-v8a,android.permission.INTERNET;android.permission.QUERY_ALL_PACKAGES;android.permission.READ_EXTERNAL_STORAGE;android.permission.WRITE_EXTERNAL_STORAGE;me.bmax.apatch.DYNAMIC_RECEIVER_NOT_EXPORTED_PERMISSION,android.permission.READ_EXTERNAL_STORAGE;android.permission.WRITE_EXTERNAL_STORAGE,,,,,,,,GPL-3.0-only,2026-09-30T21:03:59.678Z
Kreate,me.knighthat.kreate,https://h5.2113.net/apps/kreate.html,apps,izzy,https://apt.izzysoft.de/fdroid/index/apk/me.knighthat.kreate,2.2.3-izzy,141,2026-07-02,c4ae33d286489f9ea2459540e8acad4be74b9a1de76fce4aab4adb29c5f000c9,18859526,1bd03a8de5df4dbd7faddb81b9f2aaf55681a584a93d6fb47e9a5ccc736ef7ac,developer,v1;v2,23,36,arm64-v8a;armeabi-v7a;x86;x86_64,android.permission.ACCESS_NETWORK_STATE;android.permission.FOREGROUND_SERVICE;android.permission.FOREGROUND_SERVICE_DATA_SYNC;android.permission.FOREGROUND_SERVICE_MEDIA_PLAYBACK;android.permission.INTERNET;android.permission.MODIFY_AUDIO_SETTINGS;android.permission.POST_NOTIFICATIONS;android.permission.READ_EXTERNAL_STORAGE;android.permission.READ_MEDIA_AUDIO;android.permission.RECEIVE_BOOT_COMPLETED;android.permission.RECORD_AUDIO;android.permission.REQUEST_IGNORE_BATTERY_OPTIMIZATIONS;android.permission.SET_WALLPAPER;android.permission.WAKE_LOCK;android.permission.WRITE_EXTERNAL_STORAGE;me.knighthat.kreate.DYNAMIC_RECEIVER_NOT_EXPORTED_PERMISSION,android.permission.POST_NOTIFICATIONS;android.permission.READ_EXTERNAL_STORAGE;android.permission.READ_MEDIA_AUDIO;android.permission.RECORD_AUDIO;android.permission.WRITE_EXTERNAL_STORAGE,,,,,,NonFreeNet,,GPL-3.0-only,2026-09-30T21:08:44.623Z
KernelSU,me.weishu.kernelsu,https://h5.2113.net/apps/kernelsu.html,apps,izzy,https://apt.izzysoft.de/fdroid/index/apk/me.weishu.kernelsu,v3.3.0,32601,2026-08-28,c197060ecb89702e7d54a4c95e29cf5e8d97369bbbb436979ab7fd6bcde7b077,10777987,c371061b19d8c7d7d6133c6a9bafe198fa944e50c1b31c9d8daa8d7f1fc2d2d6,developer,v2,31,37,arm64-v8a;x86_64,android.permission.ACCESS_NETWORK_STATE;android.permission.FOREGROUND_SERVICE;android.permission.FOREGROUND_SERVICE_DATA_SYNC;android.permission.INTERNET;android.permission.POST_NOTIFICATIONS;android.permission.RECEIVE_BOOT_COMPLETED;me.weishu.kernelsu.DYNAMIC_RECEIVER_NOT_EXPORTED_PERMISSION,android.permission.POST_NOTIFICATIONS,,,,,,,,GPL-3.0-only,2026-09-30T21:03:59.560Z
Material Files,me.zhanghai.android.files,https://h5.2113.net/apps/material-files.html,apps,fdroid,https://f-droid.org/packages/me.zhanghai.android.files/,1.7.5,40,2026-09-22,2fe900bf43d725b655008d438f5ca46d0da0f301e3784403b5b96c3fc2df6e8a,10944578,9c22a742fa200c85bafbc9924a02ddc8f3a0b975d4d7b5a8da21d7cf34ce2b20,fdroid,v1;v2;v3,23,36,arm64-v8a;armeabi-v7a;x86;x86_64,android.permission.ACCESS_NETWORK_STATE;android.permission.ACCESS_WIFI_STATE;android.permission.FOREGROUND_SERVICE;android.permission.FOREGROUND_SERVICE_SPECIAL_USE;android.permission.INTERNET;android.permission.MANAGE_EXTERNAL_STORAGE;android.permission.POST_NOTIFICATIONS;android.permission.QUERY_ALL_PACKAGES;android.permission.REQUEST_INSTALL_PACKAGES;android.permission.WAKE_LOCK;android.permission.WRITE_EXTERNAL_STORAGE;com.android.launcher.permission.INSTALL_SHORTCUT;me.zhanghai.android.files.DYNAMIC_RECEIVER_NOT_EXPORTED_PERMISSION;moe.shizuku.manager.permission.API_V23,android.permission.POST_NOTIFICATIONS;android.permission.WRITE_EXTERNAL_STORAGE,,,,,,,shizuku;libsu,GPL-3.0-or-later,2026-09-30T21:08:02.280Z
Volume Manager,moe.chensi.volume,https://h5.2113.net/apps/volume-manager.html,apps,izzy,https://apt.izzysoft.de/fdroid/index/apk/moe.chensi.volume,0.2,4,2025-08-18,c1f1480166e486d16ec2db8f2a47a0bb6336c13c454c4290c93eb14b4027f02c,18198007,74cdd6422595d84f046eab3e96bf29401b2346532300c6155d50122d589235dc,developer,v1;v2;v3,33,35,arm64-v8a;armeabi-v7a;x86;x86_64,android.permission.USE_BIOMETRIC;android.permission.WRITE_SECURE_SETTINGS;moe.chensi.volume.DYNAMIC_RECEIVER_NOT_EXPORTED_PERMISSION;moe.shizuku.manager.permission.API_V23,,,,,,,,shizuku,GPL-2.0-only,2026-09-30T21:04:10.074Z
NekoBox,moe.nb4a,https://h5.2113.net/apps/nekobox.html,apps,izzy,https://apt.izzysoft.de/fdroid/index/apk/moe.nb4a,1.4.2,230,2026-02-09,d01e76feeb05e4701f3ae382cb71c0a3ebb77039005e5893f8817e1051f8ac28,15252519,35762758ce86a6ec297d9ccac689469bc43b9fed8ae1b27f100a86bbac00a055,developer,v1;v2,21,35,arm64-v8a,android.permission.ACCESS_NETWORK_STATE;android.permission.CAMERA;android.permission.CHANGE_NETWORK_STATE;android.permission.EXPAND_STATUS_BAR;android.permission.FLASHLIGHT;android.permission.FOREGROUND_SERVICE;android.permission.FOREGROUND_SERVICE_SYSTEM_EXEMPTED;android.permission.INTERNET;android.permission.POST_NOTIFICATIONS;android.permission.QUERY_ALL_PACKAGES;android.permission.READ_EXTERNAL_STORAGE;android.permission.RECEIVE_BOOT_COMPLETED;android.permission.REQUEST_IGNORE_BATTERY_OPTIMIZATIONS;android.permission.VIBRATE;android.permission.WAKE_LOCK;android.permission.WRITE_EXTERNAL_STORAGE;com.android.permission.GET_INSTALLED_APPS;moe.nb4a.DYNAMIC_RECEIVER_NOT_EXPORTED_PERMISSION;moe.nb4a.SERVICE,android.permission.CAMERA;android.permission.POST_NOTIFICATIONS;android.permission.READ_EXTERNAL_STORAGE;android.permission.WRITE_EXTERNAL_STORAGE,,,,,,,,GPL-3.0-only,2026-09-30T21:04:19.931Z
ArchiveTune,moe.rukamori.archivetune,https://h5.2113.net/apps/archivetune.html,apps,github,https://github.com/rukamori/ArchiveTune/releases/tag/v15.1.0,15.1.0,142,2026-09-26,e9f13ff113c2defbd1bfb8bbef570eb43e37f544bfa9528846fd742976beb450,37166003,bb2e5b7e476c0de63b06686209c0f60e904f9988e9bb452da280596e8ae98e33,developer,v1;v2;v3,26,37,arm64-v8a;armeabi-v7a;x86;x86_64,android.permission.ACCESS_NETWORK_STATE;android.permission.BLUETOOTH;android.permission.BLUETOOTH_CONNECT;android.permission.FOREGROUND_SERVICE;android.permission.FOREGROUND_SERVICE_DATA_SYNC;android.permission.FOREGROUND_SERVICE_MEDIA_PLAYBACK;android.permission.FOREGROUND_SERVICE_MICROPHONE;android.permission.INTERNET;android.permission.MODIFY_AUDIO_SETTINGS;android.permission.POST_NOTIFICATIONS;android.permission.READ_EXTERNAL_STORAGE;android.permission.READ_MEDIA_AUDIO;android.permission.RECEIVE_BOOT_COMPLETED;android.permission.RECORD_AUDIO;android.permission.VIBRATE;android.permission.WAKE_LOCK;moe.rukamori.archivetune.DYNAMIC_RECEIVER_NOT_EXPORTED_PERMISSION,android.permission.BLUETOOTH_CONNECT;android.permission.POST_NOTIFICATIONS;android.permission.READ_EXTERNAL_STORAGE;android.permission.READ_MEDIA_AUDIO;android.permission.RECORD_AUDIO,,,,,,,,GPL-3.0,2026-09-30T21:05:10.687Z
Shizuku,moe.shizuku.privileged.api,https://h5.2113.net/apps/shizuku.html,apps,izzy,https://apt.izzysoft.de/fdroid/index/apk/moe.shizuku.privileged.api,13.6.0.r1086.2650830c,1086,2025-05-29,6e273ab0e991c4e79bc8b1bbb9b9dd739ccac1a8712a541a214078886b7b790f,2571773,268b5590e868fb08bae7e0ac413564cd1ff88f5ccff74af9dbd0dc918e30db30,developer,v2,24,36,arm64-v8a;armeabi-v7a;x86;x86_64,android.permission.FOREGROUND_SERVICE;android.permission.INTERNET;android.permission.POST_NOTIFICATIONS;android.permission.RECEIVE_BOOT_COMPLETED;android.permission.WRITE_SECURE_SETTINGS;moe.shizuku.manager.permission.MANAGER,android.permission.POST_NOTIFICATIONS,,,,,,UpstreamNonFree,shizuku,Apache-2.0,2026-09-30T21:04:57.658Z
Pengeek,name.monwf.customiuizer,https://h5.2113.net/apps/pengeek.html,apps,izzy,https://apt.izzysoft.de/fdroid/index/apk/name.monwf.customiuizer,25.09.25,75,2025-09-25,98c48d2edadef6d8428b7b3b16ad19b0ff75f222820a28628e8edb4138bade24,2723112,0bec108ccfabd380753d2ed68090398ddfe436d47d67bdb0bb50c969b80fc6a1,developer,v2,35,35,arm64-v8a,android.permission.ACCESS_COARSE_LOCATION;android.permission.ACCESS_FINE_LOCATION;android.permission.ACCESS_NETWORK_STATE;android.permission.ACCESS_WIFI_STATE;android.permission.BLUETOOTH;android.permission.BLUETOOTH_CONNECT;android.permission.CHANGE_COMPONENT_ENABLED_STATE;android.permission.CHANGE_WIFI_STATE;android.permission.INTERACT_ACROSS_USERS;android.permission.INTERNET;android.permission.MODIFY_DAY_NIGHT_MODE;android.permission.QUERY_ALL_PACKAGES;android.permission.RECEIVE_BOOT_COMPLETED;android.permission.SET_ANIMATION_SCALE;android.permission.VIBRATE;name.monwf.customiuizer.DYNAMIC_RECEIVER_NOT_EXPORTED_PERMISSION,android.permission.ACCESS_COARSE_LOCATION;android.permission.ACCESS_FINE_LOCATION;android.permission.BLUETOOTH_CONNECT,,,,,,,xposed,GPL-3.0-only,2026-09-30T21:04:03.369Z
Cirno,nep.timeline.cirno,https://h5.2113.net/apps/cirno.html,apps,izzy,https://apt.izzysoft.de/fdroid/index/apk/nep.timeline.cirno,7.0,7,2025-06-16,8289b90780ab9c5a54df5c8644a770842f60833164e58ad595de504230ebcf26,20448736,cc437a8c20884735fce878e1ce02014cf69e7b360eec5f13f438e516973d2fa6,developer,v1;v2;v3,31,35,arm64-v8a;armeabi-v7a;x86;x86_64,android.permission.QUERY_ALL_PACKAGES;nep.timeline.cirno.DYNAMIC_RECEIVER_NOT_EXPORTED_PERMISSION,,,,,,,,xposed;libsu,GPL-3.0-only,2026-09-30T21:05:00.711Z
OpenConnect,net.openconnect_vpn.android,https://h5.2113.net/apps/openconnect.html,apps,fdroid,https://f-droid.org/packages/net.openconnect_vpn.android/,1.12,1120,2025-03-05,24e0ca76335317978edb9b4459dbb7be82c7a9502d13001b6c20c06dad89e7e8,31496937,4c965471abda2f1959722e0aa15adbe3d3189d98b590e1f0001ae6934ca191e3,developer,v1;v2,23,34,arm64-v8a;armeabi;x86;x86_64,android.permission.ACCESS_NETWORK_STATE;android.permission.ACCESS_WIFI_STATE;android.permission.INTERNET;android.permission.RECEIVE_BOOT_COMPLETED;android.permission.WAKE_LOCK,,,,,,,,,GPL-2.0-or-later,2026-09-30T21:08:33.179Z
OsmAnd~,net.osmand.plus,https://h5.2113.net/apps/osmand.html,apps,fdroid,https://f-droid.org/packages/net.osmand.plus/,5.3.10,531003,2026-05-11,27f1eb82d288a9939b7c0bdd0fb94f78749824ffc753d32d421e01cbe487e5e0,162183115,38294eaac95c3bb5a994692cd7758f8bcdbffb40819af6e806eb7fe482324dcd,fdroid,v1;v2;v3,24,35,arm64-v8a,android.permission.ACCESS_COARSE_LOCATION;android.permission.ACCESS_FINE_LOCATION;android.permission.ACCESS_LOCATION_EXTRA_COMMANDS;android.permission.ACCESS_NETWORK_STATE;android.permission.ACCESS_WIFI_STATE;android.permission.BLUETOOTH;android.permission.BLUETOOTH_ADMIN;android.permission.BLUETOOTH_CONNECT;android.permission.BLUETOOTH_SCAN;android.permission.CAMERA;android.permission.FOREGROUND_SERVICE;android.permission.FOREGROUND_SERVICE_DATA_SYNC;android.permission.FOREGROUND_SERVICE_LOCATION;android.permission.INTERNET;android.permission.MANAGE_EXTERNAL_STORAGE;android.permission.MODIFY_AUDIO_SETTINGS;android.permission.POST_NOTIFICATIONS;android.permission.RECORD_AUDIO;android.permission.REQUEST_INSTALL_PACKAGES;android.permission.STORAGE;android.permission.VIBRATE;android.permission.WAKE_LOCK;android.permission.WRITE_EXTERNAL_STORAGE;androidx.car.app.ACCESS_SURFACE;androidx.car.app.MAP_TEMPLATES;androidx.car.app.NAVIGATION_TEMPLATES;net.osmand.plus.DYNAMIC_RECEIVER_NOT_EXPORTED_PERMISSION,android.permission.ACCESS_COARSE_LOCATION;android.permission.ACCESS_FINE_LOCATION;android.permission.BLUETOOTH_CONNECT;android.permission.BLUETOOTH_SCAN;android.permission.CAMERA;android.permission.POST_NOTIFICATIONS;android.permission.RECORD_AUDIO;android.permission.WRITE_EXTERNAL_STORAGE,,,,,,NonFreeAssets;NonFreeNet;Tracking,,GPL-3.0-only,2026-09-30T21:06:21.256Z
Open Camera,net.sourceforge.opencamera,https://h5.2113.net/apps/open-camera.html,apps,fdroid,https://f-droid.org/packages/net.sourceforge.opencamera/,1.56.2,96,2026-06-30,ca5672ca8c7174554ca0b07b5b26e505817a05142f571cf2abe67e790c30249c,4973923,438991c968e8d308ca34078d37511c90c502d596baf9f0d0c5fbd1c9bf67df6d,fdroid,v1;v2;v3,23,36,,android.permission.ACCESS_COARSE_LOCATION;android.permission.ACCESS_FINE_LOCATION;android.permission.BLUETOOTH_CONNECT;android.permission.BLUETOOTH_SCAN;android.permission.CAMERA;android.permission.RECORD_AUDIO;android.permission.WRITE_EXTERNAL_STORAGE;net.sourceforge.opencamera.DYNAMIC_RECEIVER_NOT_EXPORTED_PERMISSION,android.permission.ACCESS_COARSE_LOCATION;android.permission.ACCESS_FINE_LOCATION;android.permission.BLUETOOTH_CONNECT;android.permission.BLUETOOTH_SCAN;android.permission.CAMERA;android.permission.RECORD_AUDIO;android.permission.WRITE_EXTERNAL_STORAGE,,,,,,,,GPL-3.0-or-later,2026-09-30T21:08:43.284Z
AdAway,org.adaway,https://h5.2113.net/apps/adaway.html,apps,fdroid,https://f-droid.org/packages/org.adaway/,6.1.4,60104,2024-11-15,0de00a58a0dbb4c4b6befc9fe1f5e53800993484baab955824798f46fbf3338e,16061184,42203f1ac857426d1496e971db96fbe1f88c25c9e1f895a5c98d703891292277,fdroid,v1;v2;v3,26,33,arm64-v8a;armeabi-v7a;x86;x86_64,android.permission.ACCESS_NETWORK_STATE;android.permission.FOREGROUND_SERVICE;android.permission.INTERNET;android.permission.POST_NOTIFICATIONS;android.permission.QUERY_ALL_PACKAGES;android.permission.RECEIVE_BOOT_COMPLETED;android.permission.REQUEST_INSTALL_PACKAGES;android.permission.WAKE_LOCK;org.adaway.DYNAMIC_RECEIVER_NOT_EXPORTED_PERMISSION,android.permission.POST_NOTIFICATIONS,Sentry,Crash reporting,,,,,libsu,GPL-3.0-only,2026-09-30T21:07:09.569Z
Amethyst Launcher,org.angelauramc.amethyst,https://h5.2113.net/games/amethyst-launcher.html,games,github,https://github.com/AngelAuraMC/Amethyst-Android/releases/tag/1.1.7,amethyst-legacy-20260731-56194e3-release-1.1.7,10000000,2026-07-31,6b5579e93f50a62f4d96279683bb447325e5a4de9015deae787eee56c248211f,156535672,18ded02f505ece77151295183d86e1126ee5a6522d97dd62c60c8624f7c86cf8,developer,v1;v2,21,34,arm64-v8a;armeabi;armeabi-v7a;mips;mips64;x86;x86_64,android.permission.ACCESS_NETWORK_STATE;android.permission.FOREGROUND_SERVICE;android.permission.FOREGROUND_SERVICE_DATA_SYNC;android.permission.FOREGROUND_SERVICE_SPECIAL_USE;android.permission.INTERNET;android.permission.POST_NOTIFICATIONS;android.permission.READ_EXTERNAL_STORAGE;android.permission.RECORD_AUDIO;android.permission.VIBRATE;android.permission.WRITE_EXTERNAL_STORAGE,android.permission.POST_NOTIFICATIONS;android.permission.READ_EXTERNAL_STORAGE;android.permission.RECORD_AUDIO;android.permission.WRITE_EXTERNAL_STORAGE,,,,ByteHook (bhook),Pangle,,,LGPL-3.0,2026-09-30T21:04:44.146Z
Cryptomator,org.cryptomator,https://h5.2113.net/apps/cryptomator.html,apps,izzy,https://apt.izzysoft.de/fdroid/index/apk/org.cryptomator,2.0.0,3128,2026-06-26,0d443052f55794a5e0156bd3ffdc8f109a1150f6a009cd83d925690a78b89eb4,26403624,f7c3ec3b0d588d3cb52983e9eb1a7421c93d4339a286398e71d7b651e8d8ecdd,developer,v2,26,36,,android.permission.ACCESS_NETWORK_STATE;android.permission.ACCESS_WIFI_STATE;android.permission.FOREGROUND_SERVICE;android.permission.FOREGROUND_SERVICE_SPECIAL_USE;android.permission.INTERNET;android.permission.NFC;android.permission.POST_NOTIFICATIONS;android.permission.READ_EXTERNAL_STORAGE;android.permission.READ_MEDIA_IMAGES;android.permission.READ_MEDIA_VIDEO;android.permission.RECEIVE_BOOT_COMPLETED;android.permission.REORDER_TASKS;android.permission.REQUEST_INSTALL_PACKAGES;android.permission.USE_BIOMETRIC;android.permission.USE_FINGERPRINT;org.cryptomator.DYNAMIC_RECEIVER_NOT_EXPORTED_PERMISSION,android.permission.POST_NOTIFICATIONS;android.permission.READ_EXTERNAL_STORAGE;android.permission.READ_MEDIA_IMAGES;android.permission.READ_MEDIA_VIDEO,,,"OpenTelemetry (OpenCensus, OpenTracing)",,,NonFreeNet,,GPL-3.0-only,2026-09-30T21:08:55.334Z
Dolphin Emulator,org.dolphinemu.dolphinemu,https://h5.2113.net/games/dolphin-emulator.html,games,fdroid,https://f-droid.org/packages/org.dolphinemu.dolphinemu/,2603a,42460,2026-03-24,5279425e01c552ba6cde1adc7f08f1c1f5b8f9271c2418a4ad849ee4106ee719,20588646,4014f9169e3ff08cd8fdf8ac33419d4603ed95582716494a0392853c91148835,fdroid,v1;v2;v3,21,36,arm64-v8a;x86_64,android.permission.ACCESS_NETWORK_STATE;android.permission.INTERNET;android.permission.READ_EXTERNAL_STORAGE;android.permission.RECORD_AUDIO;android.permission.VIBRATE;android.permission.WRITE_EXTERNAL_STORAGE;com.android.providers.tv.permission.READ_EPG_DATA;com.android.providers.tv.permission.WRITE_EPG_DATA;org.dolphinemu.dolphinemu.DYNAMIC_RECEIVER_NOT_EXPORTED_PERMISSION,android.permission.READ_EXTERNAL_STORAGE;android.permission.RECORD_AUDIO;android.permission.WRITE_EXTERNAL_STORAGE,,,,,,,,GPL-2.0-or-later,2026-09-30T21:07:45.614Z
Exodus,org.eu.exodus_privacy.exodusprivacy,https://h5.2113.net/apps/exodus.html,apps,izzy,https://apt.izzysoft.de/fdroid/index/apk/org.eu.exodus_privacy.exodusprivacy,3.3.2,23,2024-11-23,3fc2119af9119a187e298e9f6bc2099feae1f83e51dc18d78d5f21a9be0d8ecb,7289289,c9a406bd8e614c72bbdd242d56795f7a5ce13c0cf14bac22aec98030a71be486,developer,v1;v2,23,34,arm64-v8a;armeabi-v7a;x86;x86_64,android.permission.ACCESS_NETWORK_STATE;android.permission.INTERNET;android.permission.POST_NOTIFICATIONS;android.permission.QUERY_ALL_PACKAGES;android.permission.REORDER_TASKS,android.permission.POST_NOTIFICATIONS,,,,,,TetheredNet,,GPL-3.0-only,2026-09-30T21:08:42.995Z
Fossify Calendar,org.fossify.calendar,https://h5.2113.net/apps/fossify-calendar.html,apps,izzy,https://apt.izzysoft.de/fdroid/index/apk/org.fossify.calendar,1.11.0,22,2026-09-23,4b946bee820b516ef9e4893a7f92ba2aa187201b15915e159c6f04567648f93e,7841005,affdb124d3f4720c2f98dbca9eacba0514fba4306e20a2786c861c3c0d6ff292,developer,v2,26,36,arm64-v8a;armeabi-v7a;x86;x86_64,android.permission.FOREGROUND_SERVICE;android.permission.POST_NOTIFICATIONS;android.permission.READ_CALENDAR;android.permission.READ_CONTACTS;android.permission.RECEIVE_BOOT_COMPLETED;android.permission.SCHEDULE_EXACT_ALARM;android.permission.USE_EXACT_ALARM;android.permission.VIBRATE;android.permission.WAKE_LOCK;android.permission.WRITE_CALENDAR;android.permission.WRITE_EXTERNAL_STORAGE;org.fossify.android.permission.WRITE_GLOBAL_SETTINGS,android.permission.POST_NOTIFICATIONS;android.permission.READ_CALENDAR;android.permission.READ_CONTACTS;android.permission.WRITE_CALENDAR;android.permission.WRITE_EXTERNAL_STORAGE,,,,,,,,GPL-3.0-only,2026-09-30T21:09:26.411Z
Fossify Clock,org.fossify.clock,https://h5.2113.net/apps/fossify-clock.html,apps,izzy,https://apt.izzysoft.de/fdroid/index/apk/org.fossify.clock,1.6.0,10,2026-01-31,43cf9f0ec45f1f1ff2df47286622e5b8f3acedaeb07b7f7641b5243dbedca079,9110265,affdb124d3f4720c2f98dbca9eacba0514fba4306e20a2786c861c3c0d6ff292,developer,v2,26,36,arm64-v8a;armeabi-v7a;x86;x86_64,android.permission.FOREGROUND_SERVICE;android.permission.FOREGROUND_SERVICE_SPECIAL_USE;android.permission.POST_NOTIFICATIONS;android.permission.RECEIVE_BOOT_COMPLETED;android.permission.SCHEDULE_EXACT_ALARM;android.permission.SYSTEM_ALERT_WINDOW;android.permission.USE_EXACT_ALARM;android.permission.USE_FULL_SCREEN_INTENT;android.permission.VIBRATE;android.permission.WAKE_LOCK;com.android.alarm.permission.SET_ALARM;org.fossify.android.permission.WRITE_GLOBAL_SETTINGS,android.permission.POST_NOTIFICATIONS,,,,,,,,GPL-3.0-only,2026-09-30T21:09:29.698Z
Fossify Contacts,org.fossify.contacts,https://h5.2113.net/apps/fossify-contacts.html,apps,izzy,https://apt.izzysoft.de/fdroid/index/apk/org.fossify.contacts,1.6.0,13,2026-01-31,6a89be96b5ec39f5e2b11bd61dc7031f4b88261b324ab13af5743fbc62f0cddb,8602985,affdb124d3f4720c2f98dbca9eacba0514fba4306e20a2786c861c3c0d6ff292,developer,v2,26,36,arm64-v8a;armeabi-v7a;x86;x86_64,android.permission.CALL_PHONE;android.permission.GET_ACCOUNTS;android.permission.READ_CONTACTS;android.permission.READ_SYNC_SETTINGS;android.permission.RECEIVE_BOOT_COMPLETED;android.permission.WAKE_LOCK;android.permission.WRITE_CONTACTS;android.permission.WRITE_EXTERNAL_STORAGE;org.fossify.android.permission.WRITE_GLOBAL_SETTINGS,android.permission.CALL_PHONE;android.permission.GET_ACCOUNTS;android.permission.READ_CONTACTS;android.permission.WRITE_CONTACTS;android.permission.WRITE_EXTERNAL_STORAGE,,,,,,,,GPL-3.0-only,2026-09-30T21:09:27.110Z
Fossify File Manager,org.fossify.filemanager,https://h5.2113.net/apps/fossify-file-manager.html,apps,izzy,https://apt.izzysoft.de/fdroid/index/apk/org.fossify.filemanager,1.6.1,13,2026-02-17,9e97d2faf55fb2702386c3dc51e38a6b073781016b125701d3ab668419a70008,9982225,affdb124d3f4720c2f98dbca9eacba0514fba4306e20a2786c861c3c0d6ff292,developer,v2,26,36,arm64-v8a;armeabi-v7a;x86;x86_64,android.permission.MANAGE_EXTERNAL_STORAGE;android.permission.POST_NOTIFICATIONS;android.permission.REQUEST_INSTALL_PACKAGES;android.permission.USE_FINGERPRINT;android.permission.WRITE_EXTERNAL_STORAGE;org.fossify.android.permission.WRITE_GLOBAL_SETTINGS,android.permission.POST_NOTIFICATIONS;android.permission.WRITE_EXTERNAL_STORAGE,,,,,,,,GPL-3.0-only,2026-09-30T21:09:25.907Z
Fossify Gallery,org.fossify.gallery,https://h5.2113.net/apps/fossify-gallery.html,apps,izzy,https://apt.izzysoft.de/fdroid/index/apk/org.fossify.gallery,1.13.1,28,2026-02-17,ae7e699599e81f70e2b82626bb1dfa883fe096cd938387133e123c116e5641d9,38606538,affdb124d3f4720c2f98dbca9eacba0514fba4306e20a2786c861c3c0d6ff292,developer,v2,26,36,arm64-v8a;armeabi-v7a;x86;x86_64,android.permission.ACCESS_MEDIA_LOCATION;android.permission.MANAGE_EXTERNAL_STORAGE;android.permission.MANAGE_MEDIA;android.permission.POST_NOTIFICATIONS;android.permission.READ_MEDIA_IMAGES;android.permission.READ_MEDIA_VIDEO;android.permission.READ_MEDIA_VISUAL_USER_SELECTED;android.permission.RECEIVE_BOOT_COMPLETED;android.permission.SET_WALLPAPER;android.permission.USE_FINGERPRINT;android.permission.WAKE_LOCK;android.permission.WRITE_EXTERNAL_STORAGE;org.fossify.android.permission.WRITE_GLOBAL_SETTINGS,android.permission.POST_NOTIFICATIONS;android.permission.READ_MEDIA_IMAGES;android.permission.READ_MEDIA_VIDEO;android.permission.READ_MEDIA_VISUAL_USER_SELECTED;android.permission.WRITE_EXTERNAL_STORAGE,,,,,,,,GPL-3.0-only,2026-09-30T21:09:25.278Z
Fossify Launcher,org.fossify.home,https://h5.2113.net/apps/fossify-launcher.html,apps,izzy,https://apt.izzysoft.de/fdroid/index/apk/org.fossify.home,1.10.0,16,2026-02-17,a603d3d510482feafd73d52a93a1ea9baefd2ca0aae329a14cbf0e21f43638e3,5222266,affdb124d3f4720c2f98dbca9eacba0514fba4306e20a2786c861c3c0d6ff292,developer,v2,26,36,arm64-v8a;armeabi-v7a;x86;x86_64,android.permission.BIND_APPWIDGET;android.permission.EXPAND_STATUS_BAR;android.permission.QUERY_ALL_PACKAGES;android.permission.REQUEST_DELETE_PACKAGES;org.fossify.android.permission.WRITE_GLOBAL_SETTINGS,,,,,,,,,GPL-3.0-only,2026-09-30T21:09:30.773Z
Fossify Keyboard,org.fossify.keyboard,https://h5.2113.net/apps/fossify-keyboard.html,apps,izzy,https://apt.izzysoft.de/fdroid/index/apk/org.fossify.keyboard,1.9.1,14,2026-02-02,e326885c08b68212fd9fdda9be8a4fa492d5daba7ff37bb4ff4511826f40a8d0,17098779,affdb124d3f4720c2f98dbca9eacba0514fba4306e20a2786c861c3c0d6ff292,developer,v2,26,36,arm64-v8a;armeabi-v7a;x86;x86_64,android.permission.WRITE_EXTERNAL_STORAGE;org.fossify.android.permission.WRITE_GLOBAL_SETTINGS,android.permission.WRITE_EXTERNAL_STORAGE,,,,,,,,GPL-3.0-only,2026-09-30T21:09:30.290Z
Fossify Music Player,org.fossify.musicplayer,https://h5.2113.net/apps/fossify-music-player.html,apps,izzy,https://apt.izzysoft.de/fdroid/index/apk/org.fossify.musicplayer,1.8.1,14,2026-02-17,b5d0ce367544df1ac162adf71d642878c5b963a304ca0ddf8f8556f07bbba79b,11027320,affdb124d3f4720c2f98dbca9eacba0514fba4306e20a2786c861c3c0d6ff292,developer,v2,26,36,arm64-v8a;armeabi-v7a;x86;x86_64,android.permission.FOREGROUND_SERVICE;android.permission.FOREGROUND_SERVICE_MEDIA_PLAYBACK;android.permission.MODIFY_AUDIO_SETTINGS;android.permission.POST_NOTIFICATIONS;android.permission.READ_MEDIA_AUDIO;android.permission.WAKE_LOCK;android.permission.WRITE_EXTERNAL_STORAGE;org.fossify.android.permission.WRITE_GLOBAL_SETTINGS,android.permission.POST_NOTIFICATIONS;android.permission.READ_MEDIA_AUDIO;android.permission.WRITE_EXTERNAL_STORAGE,,,,,,,,GPL-3.0-only,2026-09-30T21:09:28.549Z
Fossify Notes,org.fossify.notes,https://h5.2113.net/apps/fossify-notes.html,apps,izzy,https://apt.izzysoft.de/fdroid/index/apk/org.fossify.notes,1.7.0,13,2026-01-31,5a56e0e39cc488e1f3b947d3801006d3b7450ec73c67f03195c64c5fd3b6bced,9528948,affdb124d3f4720c2f98dbca9eacba0514fba4306e20a2786c861c3c0d6ff292,developer,v2,26,36,arm64-v8a;armeabi-v7a;x86;x86_64,android.permission.RECEIVE_BOOT_COMPLETED;android.permission.SCHEDULE_EXACT_ALARM;android.permission.USE_FINGERPRINT;android.permission.WAKE_LOCK;android.permission.WRITE_EXTERNAL_STORAGE;org.fossify.android.permission.WRITE_GLOBAL_SETTINGS,android.permission.WRITE_EXTERNAL_STORAGE,,,,,,,,GPL-3.0-only,2026-09-30T21:09:29.149Z
Fossify Phone,org.fossify.phone,https://h5.2113.net/apps/fossify-phone.html,apps,izzy,https://apt.izzysoft.de/fdroid/index/apk/org.fossify.phone,1.11.1,22,2026-02-03,d1ad08467034e5138a6e68f03b6e150f0bb010dfcbf490ff3d2bd4822b755728,9165050,affdb124d3f4720c2f98dbca9eacba0514fba4306e20a2786c861c3c0d6ff292,developer,v2,26,36,arm64-v8a;armeabi-v7a;x86;x86_64,android.permission.ANSWER_PHONE_CALLS;android.permission.CALL_PHONE;android.permission.CALL_PRIVILEGED;android.permission.FOREGROUND_SERVICE;android.permission.MANAGE_OWN_CALLS;android.permission.MODIFY_AUDIO_SETTINGS;android.permission.POST_NOTIFICATIONS;android.permission.READ_CALL_LOG;android.permission.READ_CONTACTS;android.permission.READ_PHONE_STATE;android.permission.READ_SYNC_SETTINGS;android.permission.RECORD_AUDIO;android.permission.SYSTEM_ALERT_WINDOW;android.permission.USE_FULL_SCREEN_INTENT;android.permission.VIBRATE;android.permission.WAKE_LOCK;android.permission.WRITE_CALL_LOG;android.permission.WRITE_CONTACTS;android.telecom.action.CONFIGURE_PHONE_ACCOUNT;org.fossify.android.permission.WRITE_GLOBAL_SETTINGS,android.permission.ANSWER_PHONE_CALLS;android.permission.CALL_PHONE;android.permission.POST_NOTIFICATIONS;android.permission.READ_CALL_LOG;android.permission.READ_CONTACTS;android.permission.READ_PHONE_STATE;android.permission.RECORD_AUDIO;android.permission.WRITE_CALL_LOG;android.permission.WRITE_CONTACTS,,,,,,,,GPL-3.0-only,2026-09-30T21:09:27.644Z
Jellyfin,org.jellyfin.mobile,https://h5.2113.net/apps/jellyfin.html,apps,izzy,https://apt.izzysoft.de/fdroid/index/apk/org.jellyfin.mobile,2.7.3,2070399,2026-09-14,f9f4b3ab46cc9434df811194c2d4351417f4db83a4c1a0facd0a662d69533f7f,8964986,d881796ed2a67ff6ef9f676828723c6b1fa18e09388962cba4abc4a594a69131,developer,v1;v2,21,36,arm64-v8a;armeabi-v7a;x86;x86_64,android.permission.ACCESS_NETWORK_STATE;android.permission.ACCESS_WIFI_STATE;android.permission.BLUETOOTH;android.permission.BLUETOOTH_CONNECT;android.permission.FOREGROUND_SERVICE;android.permission.FOREGROUND_SERVICE_DATA_SYNC;android.permission.FOREGROUND_SERVICE_MEDIA_PLAYBACK;android.permission.INTERNET;android.permission.POST_NOTIFICATIONS;android.permission.RECEIVE_BOOT_COMPLETED;android.permission.WAKE_LOCK;org.jellyfin.mobile.DYNAMIC_RECEIVER_NOT_EXPORTED_PERMISSION,android.permission.BLUETOOTH_CONNECT;android.permission.POST_NOTIFICATIONS,,,,,,,,GPL-2.0-or-later,2026-09-30T21:08:31.112Z
Kiwix,org.kiwix.kiwixmobile.standalone,https://h5.2113.net/apps/kiwix.html,apps,github,https://github.com/kiwix/kiwix-android/releases/tag/v3.14.1,3.14.1,6231767,2026-05-14,62a9910be260030e642465c17d642537e6ee4ee5f2d4596c248267c2766a88b8,70366062,6dfbfc62e16587a78aa2d9585ae9bb7f6973c2bf84034b7b90101a401409f5aa,developer,v2,25,35,arm64-v8a,android.permission.ACCESS_FINE_LOCATION;android.permission.ACCESS_NETWORK_STATE;android.permission.ACCESS_WIFI_STATE;android.permission.CHANGE_WIFI_STATE;android.permission.FOREGROUND_SERVICE;android.permission.FOREGROUND_SERVICE_DATA_SYNC;android.permission.INTERNET;android.permission.MANAGE_EXTERNAL_STORAGE;android.permission.NEARBY_WIFI_DEVICES;android.permission.POST_NOTIFICATIONS;android.permission.READ_EXTERNAL_STORAGE;android.permission.WRITE_EXTERNAL_STORAGE;com.android.launcher.permission.INSTALL_SHORTCUT;org.kiwix.kiwixmobile.standalone.DYNAMIC_RECEIVER_NOT_EXPORTED_PERMISSION,android.permission.ACCESS_FINE_LOCATION;android.permission.NEARBY_WIFI_DEVICES;android.permission.POST_NOTIFICATIONS;android.permission.READ_EXTERNAL_STORAGE;android.permission.WRITE_EXTERNAL_STORAGE,,,,,,,,GPL-3.0,2026-09-30T21:04:59.794Z
KOReader,org.koreader.launcher.fdroid,https://h5.2113.net/apps/koreader.html,apps,fdroid,https://f-droid.org/packages/org.koreader.launcher.fdroid/,v2026.07.1,119462,2026-08-03,1e740b6a964032f67bd8235f98a3f12d229f3427d23e2486d6a0ede6dd3dba7c,30121616,8c86266c9e9191b7d02329606a5ecea7460958515462642ffec8664bb919da4d,fdroid,v1;v2;v3,18,30,arm64-v8a,android.permission.ACCESS_NETWORK_STATE;android.permission.INTERNET;android.permission.MANAGE_EXTERNAL_STORAGE;android.permission.QUERY_ALL_PACKAGES;android.permission.READ_EXTERNAL_STORAGE;android.permission.WRITE_EXTERNAL_STORAGE;android.permission.WRITE_SETTINGS,android.permission.READ_EXTERNAL_STORAGE;android.permission.WRITE_EXTERNAL_STORAGE,,,,,,,,AGPL-3.0-only,2026-09-30T21:08:42.377Z
LocalSend,org.localsend.localsend_app,https://h5.2113.net/apps/localsend.html,apps,fdroid,https://f-droid.org/packages/org.localsend.localsend_app/,1.18.2,643,2026-08-26,82ec3568fba2aa5295b9aae8b76f701d7a4703d86b9f8bad749472038fbaeab3,46558706,3220c353a73cfbd0c2f3052471c445324cf452bcba26de1c473a52fe5c44e1d6,developer,v2,24,37,arm64-v8a,android.permission.ACCESS_LOCAL_NETWORK;android.permission.ACCESS_MEDIA_LOCATION;android.permission.ACCESS_NETWORK_STATE;android.permission.ACCESS_WIFI_STATE;android.permission.BIND_QUICK_SETTINGS_TILE;android.permission.FOREGROUND_SERVICE;android.permission.FOREGROUND_SERVICE_DATA_SYNC;android.permission.INTERNET;android.permission.POST_NOTIFICATIONS;android.permission.QUERY_ALL_PACKAGES;android.permission.READ_EXTERNAL_STORAGE;android.permission.READ_MEDIA_AUDIO;android.permission.READ_MEDIA_IMAGES;android.permission.READ_MEDIA_VIDEO;android.permission.RECEIVE_BOOT_COMPLETED;android.permission.REQUEST_INSTALL_PACKAGES;android.permission.WAKE_LOCK;android.permission.WRITE_EXTERNAL_STORAGE;org.localsend.localsend_app.DYNAMIC_RECEIVER_NOT_EXPORTED_PERMISSION,android.permission.POST_NOTIFICATIONS;android.permission.READ_EXTERNAL_STORAGE;android.permission.READ_MEDIA_AUDIO;android.permission.READ_MEDIA_IMAGES;android.permission.READ_MEDIA_VIDEO;android.permission.WRITE_EXTERNAL_STORAGE,,,,,,,,Apache-2.0,2026-09-30T21:07:25.549Z
Tubular,org.polymorphicshade.tubular,https://h5.2113.net/apps/tubular.html,apps,izzy,https://apt.izzysoft.de/fdroid/index/apk/org.polymorphicshade.tubular,0.28.4,1009,2026-03-09,b362605d9a7a3383262622d016a069221726a60a1288be1b8fade4b563e499f1,10989082,8ad7025a8c911454e2a7b4515e360c52ca63ec0410a042ff46e9ad05b509e187,developer,v1;v2;v3,21,35,arm64-v8a;armeabi-v7a;x86;x86_64,android.permission.ACCESS_NETWORK_STATE;android.permission.FOREGROUND_SERVICE;android.permission.FOREGROUND_SERVICE_DATA_SYNC;android.permission.FOREGROUND_SERVICE_MEDIA_PLAYBACK;android.permission.INTERNET;android.permission.POST_NOTIFICATIONS;android.permission.RECEIVE_BOOT_COMPLETED;android.permission.SYSTEM_ALERT_WINDOW;android.permission.WAKE_LOCK;android.permission.WRITE_EXTERNAL_STORAGE;org.polymorphicshade.tubular.DYNAMIC_RECEIVER_NOT_EXPORTED_PERMISSION,android.permission.POST_NOTIFICATIONS;android.permission.WRITE_EXTERNAL_STORAGE,ACRA,Crash reporting,,,,NonFreeNet;SourceArchived,,GPL-3.0-only,2026-09-30T21:05:12.734Z
PPSSPP,org.ppsspp.ppsspp,https://h5.2113.net/games/ppsspp.html,games,fdroid,https://f-droid.org/packages/org.ppsspp.ppsspp/,1.19.3,119030000,2025-07-24,44e1ecb9268702fb65adcee14cffb6cdc3607e87abcf409004c9bdb6b2543f6c,41264596,19ed8afe0520d512bd1d9a780131d486edb7e384614b5e43af9ad8c688b2e100,fdroid,v1;v2;v3,9,35,arm64-v8a;armeabi-v7a;x86_64,android.permission.ACCESS_COARSE_LOCATION;android.permission.ACCESS_FINE_LOCATION;android.permission.ACCESS_NETWORK_STATE;android.permission.CAMERA;android.permission.INTERNET;android.permission.READ_EXTERNAL_STORAGE;android.permission.RECORD_AUDIO;android.permission.TRANSMIT_IR;android.permission.WRITE_EXTERNAL_STORAGE;archos.permission.FULLSCREEN.FULL,android.permission.ACCESS_COARSE_LOCATION;android.permission.ACCESS_FINE_LOCATION;android.permission.CAMERA;android.permission.READ_EXTERNAL_STORAGE;android.permission.RECORD_AUDIO;android.permission.WRITE_EXTERNAL_STORAGE,,,,,,,,GPL-2.0-or-later,2026-09-30T21:07:44.847Z
NewPipe,org.schabi.newpipe,https://h5.2113.net/apps/newpipe.html,apps,fdroid,https://f-droid.org/packages/org.schabi.newpipe/,0.29.1,1015,2026-08-21,18447bfb1e06d113edc88df93f471827280de06f6f3d4dc42f56f28b9c1bab79,11507122,cb84069bd68116bafae5ee4ee5b08a567aa6d898404e7cb12f9e756df5cf5cab,developer,v1;v2;v3,23,35,arm64-v8a;armeabi-v7a;x86;x86_64,android.permission.ACCESS_NETWORK_STATE;android.permission.FOREGROUND_SERVICE;android.permission.FOREGROUND_SERVICE_DATA_SYNC;android.permission.FOREGROUND_SERVICE_MEDIA_PLAYBACK;android.permission.INTERNET;android.permission.POST_NOTIFICATIONS;android.permission.RECEIVE_BOOT_COMPLETED;android.permission.SYSTEM_ALERT_WINDOW;android.permission.WAKE_LOCK;android.permission.WRITE_EXTERNAL_STORAGE;org.schabi.newpipe.DYNAMIC_RECEIVER_NOT_EXPORTED_PERMISSION,android.permission.POST_NOTIFICATIONS;android.permission.WRITE_EXTERNAL_STORAGE,ACRA,Crash reporting,,,,NonFreeNet,,GPL-3.0-or-later,2026-09-30T21:05:26.038Z
VLC,org.videolan.vlc,https://h5.2113.net/apps/vlc.html,apps,fdroid,https://f-droid.org/packages/org.videolan.vlc/,3.7.1,13070106,2026-05-10,355ff246a0348c094a256926ea31cbec92701a2faca3d41d49170798c550ee3b,47990842,80535be61eedb9a03b0476a6f493d496c3498770404339ea7a8000f5e61d22c0,fdroid,v1;v2;v3,17,36,arm64-v8a,android.permission.ACCESS_NETWORK_STATE;android.permission.BLUETOOTH;android.permission.BLUETOOTH_CONNECT;android.permission.CHANGE_NETWORK_STATE;android.permission.FOREGROUND_SERVICE;android.permission.FOREGROUND_SERVICE_DATA_SYNC;android.permission.FOREGROUND_SERVICE_MEDIA_PLAYBACK;android.permission.FOREGROUND_SERVICE_SPECIAL_USE;android.permission.INTERNET;android.permission.MANAGE_EXTERNAL_STORAGE;android.permission.MODIFY_AUDIO_SETTINGS;android.permission.POST_NOTIFICATIONS;android.permission.READ_EXTERNAL_STORAGE;android.permission.READ_LOGS;android.permission.READ_MEDIA_AUDIO;android.permission.READ_MEDIA_IMAGES;android.permission.READ_MEDIA_VIDEO;android.permission.RECEIVE_BOOT_COMPLETED;android.permission.RECORD_AUDIO;android.permission.SYSTEM_ALERT_WINDOW;android.permission.VIBRATE;android.permission.WAKE_LOCK;android.permission.WRITE_EXTERNAL_STORAGE;android.permission.WRITE_SETTINGS;com.android.providers.tv.permission.READ_EPG_DATA;com.android.providers.tv.permission.WRITE_EPG_DATA;org.videolan.vlc.DYNAMIC_RECEIVER_NOT_EXPORTED_PERMISSION;org.videolan.vlc.MEDIA;org.videolan.vlc.permission.BIND_DATA_CONSUMER;org.videolan.vlc.permission.READ_EXTENSION_DATA,android.permission.BLUETOOTH_CONNECT;android.permission.POST_NOTIFICATIONS;android.permission.READ_EXTERNAL_STORAGE;android.permission.READ_MEDIA_AUDIO;android.permission.READ_MEDIA_IMAGES;android.permission.READ_MEDIA_VIDEO;android.permission.RECORD_AUDIO;android.permission.WRITE_EXTERNAL_STORAGE,,,,,,,,GPL-3.0-only,2026-09-30T21:08:25.892Z
Vita3K,org.vita3k.emulator,https://h5.2113.net/games/vita3k.html,games,github,https://github.com/Vita3K/Vita3K/releases/tag/continuous,0.2.1,21,2026-09-30,82fd7182940872ec9b0f4027e80600a975bb47265de6ce7b5d78410e7fe8ed78,28553756,eadeff93b5fb0317051111f77d56abbaa0e6716cc847969926aa36dac4beb202,developer,v2,28,35,arm64-v8a;x86_64,android.permission.ACCESS_NETWORK_STATE;android.permission.ACCESS_WIFI_STATE;android.permission.CAMERA;android.permission.FOREGROUND_SERVICE;android.permission.FOREGROUND_SERVICE_DATA_SYNC;android.permission.INTERNET;android.permission.MANAGE_EXTERNAL_STORAGE;android.permission.READ_EXTERNAL_STORAGE;android.permission.VIBRATE;android.permission.WAKE_LOCK;android.permission.WRITE_EXTERNAL_STORAGE;org.vita3k.emulator.DYNAMIC_RECEIVER_NOT_EXPORTED_PERMISSION,android.permission.CAMERA;android.permission.READ_EXTERNAL_STORAGE;android.permission.WRITE_EXTERNAL_STORAGE,,,,,,,,GPL-2.0,2026-09-30T21:04:57.182Z
Kodi,org.xbmc.kodi,https://h5.2113.net/apps/kodi.html,apps,fdroid,https://f-droid.org/packages/org.xbmc.kodi/,21.3,2103001,2026-03-29,2ced80c56809f73a21726cefc406233cc143566333cea6882af67576a0852407,181782325,13268f04efdc5a0ae4c93626ce357e4e15a1d67f8f1235340d9f631d9d8c6c43,fdroid,v1;v2;v3,21,34,arm64-v8a,android.permission.ACCESS_NETWORK_STATE;android.permission.BLUETOOTH;android.permission.INTERNET;android.permission.MANAGE_EXTERNAL_STORAGE;android.permission.MODIFY_AUDIO_SETTINGS;android.permission.RECEIVE_BOOT_COMPLETED;android.permission.RECORD_AUDIO;android.permission.WRITE_EXTERNAL_STORAGE;com.android.providers.tv.permission.READ_EPG_DATA;com.android.providers.tv.permission.WRITE_EPG_DATA,android.permission.RECORD_AUDIO;android.permission.WRITE_EXTERNAL_STORAGE,,,,,,,,GPL-2.0-or-later,2026-09-30T21:08:20.402Z
Spotube,oss.krtirtho.spotube,https://h5.2113.net/apps/spotube.html,apps,fdroid,https://f-droid.org/packages/oss.krtirtho.spotube/,5.1.2,45,2026-06-09,f853b511a6c7461b34c4c9f01c47de3416eb5d2dea1dbcd0b1e11fcde2706add,128561194,49fa0dd990cd68877545b661360f0538245c791e5b8b5384a54f40de013dadfb,fdroid,v1;v2;v3,24,35,arm64-v8a;armeabi-v7a;x86_64,android.permission.ACCESS_NETWORK_STATE;android.permission.CHANGE_WIFI_MULTICAST_STATE;android.permission.FOREGROUND_SERVICE;android.permission.FOREGROUND_SERVICE_MEDIA_PLAYBACK;android.permission.INTERNET;android.permission.READ_EXTERNAL_STORAGE;android.permission.READ_MEDIA_AUDIO;android.permission.RECEIVE_BOOT_COMPLETED;android.permission.REQUEST_IGNORE_BATTERY_OPTIMIZATIONS;android.permission.WAKE_LOCK;android.permission.WRITE_EXTERNAL_STORAGE;oppo.permission.OPPO_COMPONENT_SAFE;oss.krtirtho.spotube.DYNAMIC_RECEIVER_NOT_EXPORTED_PERMISSION,android.permission.READ_EXTERNAL_STORAGE;android.permission.READ_MEDIA_AUDIO;android.permission.WRITE_EXTERNAL_STORAGE,,,,,,NonFreeNet,,BSD-4-Clause,2026-09-30T21:07:50.102Z
SongSync,pl.lambada.songsync,https://h5.2113.net/apps/songsync.html,apps,izzy,https://apt.izzysoft.de/fdroid/index/apk/pl.lambada.songsync,4.3.3,433,2025-05-15,f372118c0ed17cb2cb1d5e5e25fcef64144f5a8d1e6c3add8e9b859e00be61b0,5068473,56b13a099dcd24f1d3c53b3c7ac0fc65ea1e30a3f7e43fc713c9593613b715f0,developer,v1;v2,21,35,arm64-v8a;armeabi-v7a;x86;x86_64,android.permission.ACCESS_NETWORK_STATE;android.permission.INTERNET;android.permission.MANAGE_EXTERNAL_STORAGE;android.permission.POST_NOTIFICATIONS;android.permission.READ_EXTERNAL_STORAGE;android.permission.WRITE_EXTERNAL_STORAGE;pl.lambada.songsync.DYNAMIC_RECEIVER_NOT_EXPORTED_PERMISSION,android.permission.POST_NOTIFICATIONS;android.permission.READ_EXTERNAL_STORAGE;android.permission.WRITE_EXTERNAL_STORAGE,,,,,,NonFreeNet,,GPL-3.0-only,2026-09-30T21:04:24.823Z
Private DNS Quick Toggle,ru.karasevm.privatednstoggle,https://h5.2113.net/apps/private-dns-quick-toggle.html,apps,izzy,https://apt.izzysoft.de/fdroid/index/apk/ru.karasevm.privatednstoggle,1.11.0,19,2025-08-05,7d42277188f9eeb219c203e9dfe894b90664895bc25a3847279ac1786eb6b26e,4297106,1347c51f78d056fb15fe1eeaa1a0f34c6a08e2bfe4bce8ea1a1abd3db7e2c3fb,developer,v2,28,36,arm64-v8a;armeabi-v7a;x86;x86_64,android.permission.WRITE_SECURE_SETTINGS;moe.shizuku.manager.permission.API_V23;ru.karasevm.privatednstoggle.DYNAMIC_RECEIVER_NOT_EXPORTED_PERMISSION,,,,,,,,shizuku,MIT,2026-09-30T21:04:20.313Z
